Timestamp,Motor Name,Voltage,Horsepower,Speed
2024-07-31 00:00:00,TENV Induction motor v3,227.74406751963662,18.37152108312463,3590.5759235310943
2024-07-31 00:02:00,TENV Induction motor v3,228.5759468318621,16.040254782624373,3573.8041992984117
2024-07-31 00:04:00,TENV Induction motor v3,228.0138168803582,17.90330478342889,3576.1577994996037
2024-07-31 00:06:00,TENV Induction motor v3,227.7244159149845,18.835081563764195,3562.526029320859
2024-07-31 00:08:00,TENV Induction motor v3,227.1182739966945,16.175901728096363,3580.2521508405234
2024-07-31 00:10:00,TENV Induction motor v3,228.2294705653333,19.51808593209492,3565.145240433492
2024-07-31 00:12:00,TENV Induction motor v3,227.18793605631348,18.08032566654269,3578.864200727149
2024-07-31 00:14:00,TENV Induction motor v3,229.4588650039104,16.12264419330287,3558.4839057787035
2024-07-31 00:16:00,TENV Induction motor v3,229.81831380250514,16.89765444768336,3557.973454617058
2024-07-31 00:18:00,TENV Induction motor v3,226.91720759412888,19.81470278570925,3570.8514870595995
2024-07-31 00:20:00,TENV Induction motor v3,228.95862519041333,18.329278932208222,3571.340975755527
2024-07-31 00:22:00,TENV Induction motor v3,227.64447459876453,16.42989027107522,3563.405463245627
2024-07-31 00:24:00,TENV Induction motor v3,227.84022280546966,17.150178009122246,3556.5798425183343
2024-07-31 00:26:00,TENV Induction motor v3,229.6279831914633,17.826814503441938,3551.960526960695
2024-07-31 00:28:00,TENV Induction motor v3,225.35518029098944,16.08380027707092,3551.261591364391
2024-07-31 00:30:00,TENV Induction motor v3,225.4356464985077,17.646462054455036,3563.5775145003236
2024-07-31 00:32:00,TENV Induction motor v3,225.10109198720164,17.95783454173879,3573.092672108097
2024-07-31 00:34:00,TENV Induction motor v3,229.16309922773968,16.97471150112493,3586.312164065306
2024-07-31 00:36:00,TENV Induction motor v3,228.89078375474926,18.354556001167946,3573.7435850357006
2024-07-31 00:38:00,TENV Induction motor v3,229.3500607412341,19.012960478368708,3595.202540971764
2024-07-31 00:40:00,TENV Induction motor v3,229.89309171116383,16.943336896422544,3551.7609902287704
2024-07-31 00:42:00,TENV Induction motor v3,228.99579282108363,18.481999601119952,3559.033031077032
2024-07-31 00:44:00,TENV Induction motor v3,227.30739681126465,18.558488971854967,3566.9257246385073
2024-07-31 00:46:00,TENV Induction motor v3,228.90264588143228,19.794161204515365,3578.874809403256
2024-07-31 00:48:00,TENV Induction motor v3,225.59137212934468,19.113104669185773,3592.636807894697
2024-07-31 00:50:00,TENV Induction motor v3,228.19960510663762,19.393381079160022,3567.510097597829
2024-07-31 00:52:00,TENV Induction motor v3,225.71676643704524,17.9616796337451,3563.399434125221
2024-07-31 00:54:00,TENV Induction motor v3,229.72334458524793,16.74139434791753,3553.094458442145
2024-07-31 00:56:00,TENV Induction motor v3,227.60924160875035,19.98326117183854,3591.065173884905
2024-07-31 00:58:00,TENV Induction motor v3,227.07330969995263,16.5174230441548,3568.983322160334
2024-07-31 01:00:00,TENV Induction motor v3,226.32277806052315,17.885829277417063,3578.5775097708465
2024-07-31 01:02:00,TENV Induction motor v3,228.87116844717107,16.272372396968425,3599.177770908561
2024-07-31 01:04:00,TENV Induction motor v3,227.28075166108275,19.775403429403276,3550.0797285302147
2024-07-31 01:06:00,TENV Induction motor v3,227.84216974434324,19.85969976339376,3557.2725070349434
2024-07-31 01:08:00,TENV Induction motor v3,225.09394900218177,18.877556248015892,3588.955549700968
2024-07-31 01:10:00,TENV Induction motor v3,228.0881774853794,17.399971374520675,3590.256374260392
2024-07-31 01:12:00,TENV Induction motor v3,228.0604786136121,17.017529604470496,3588.4623559516376
2024-07-31 01:14:00,TENV Induction motor v3,228.0846699843738,17.06121329814819,3576.8499445521416
2024-07-31 01:16:00,TENV Induction motor v3,229.71874039257312,16.5091761016803,3598.9428490511527
2024-07-31 01:18:00,TENV Induction motor v3,228.4091014955174,18.10323581230689,3569.809227999766
2024-07-31 01:20:00,TENV Induction motor v3,226.79753950286894,16.56726910280591,3580.0971849056555
2024-07-31 01:22:00,TENV Induction motor v3,227.1851597689967,17.266922666213826,3553.1684502274425
2024-07-31 01:24:00,TENV Induction motor v3,228.48815597963633,18.50682590383642,3570.492872495367
2024-07-31 01:26:00,TENV Induction motor v3,225.30112735814635,18.910174438363,3586.1250043754962
2024-07-31 01:28:00,TENV Induction motor v3,228.33383357722835,16.097090818488244,3561.936942038535
2024-07-31 01:30:00,TENV Induction motor v3,228.3531893480908,17.72046393750696,3597.1913794536576
2024-07-31 01:32:00,TENV Induction motor v3,226.0519128053692,18.608498379368555,3584.3391683821646
2024-07-31 01:34:00,TENV Induction motor v3,225.64463148827426,19.41298390463405,3564.3787691428784
2024-07-31 01:36:00,TENV Induction motor v3,226.57714175462092,17.90129912884833,3588.449946135293
2024-07-31 01:38:00,TENV Induction motor v3,226.81855385471312,19.87682348687074,3554.1582385904053
2024-07-31 01:40:00,TENV Induction motor v3,227.8509838520894,17.062530190165788,3598.7387211255227
2024-07-31 01:42:00,TENV Induction motor v3,227.1930075673116,16.054034826506875,3552.464262953678
2024-07-31 01:44:00,TENV Induction motor v3,229.94186919029613,17.935011458806944,3596.6727945574357
2024-07-31 01:46:00,TENV Induction motor v3,225.51022405374013,17.02445518008007,3562.642693887413
2024-07-31 01:48:00,TENV Induction motor v3,226.04438378047416,19.29487068809268,3587.8912053845447
2024-07-31 01:50:00,TENV Induction motor v3,225.80654758942498,16.93109068872445,3550.0036849716553
2024-07-31 01:52:00,TENV Induction motor v3,228.265541627327,17.242516873165226,3562.71200445898
2024-07-31 01:54:00,TENV Induction motor v3,226.2664580126989,19.16490972407645,3587.455030332486
2024-07-31 01:56:00,TENV Induction motor v3,227.33155386428155,18.86057300810144,3576.616803544866
2024-07-31 01:58:00,TENV Induction motor v3,226.222127960008,18.23220494662905,3555.7476074818555
2024-07-31 02:00:00,TENV Induction motor v3,225.7948479182276,18.819792247691037,3569.681487291864
2024-07-31 02:02:00,TENV Induction motor v3,225.55187570582152,17.674547454280106,3568.777467754227
2024-07-31 02:04:00,TENV Induction motor v3,228.28164794732638,16.02124019045867,3578.4081122090474
2024-07-31 02:06:00,TENV Induction motor v3,225.69091475674307,16.04542051404877,3583.398853623011
2024-07-31 02:08:00,TENV Induction motor v3,225.98291180840027,18.04488715029475,3592.0415121206124
2024-07-31 02:10:00,TENV Induction motor v3,226.84362585330481,16.333163918875997,3574.861569848869
2024-07-31 02:12:00,TENV Induction motor v3,229.1049661492397,16.204301920677025,3569.6010858652585
2024-07-31 02:14:00,TENV Induction motor v3,225.4855063789653,19.862066556549895,3557.198826704769
2024-07-31 02:16:00,TENV Induction motor v3,229.18972453749402,19.436010558632233,3590.2411482494863
2024-07-31 02:18:00,TENV Induction motor v3,225.48049203946982,16.60810890883828,3585.668520270728
2024-07-31 02:20:00,TENV Induction motor v3,229.882297325067,16.002656874360817,3570.4338698727342
2024-07-31 02:22:00,TENV Induction motor v3,227.3432560082385,19.766671181559026,3575.9216154971336
2024-07-31 02:24:00,TENV Induction motor v3,229.88380544095168,17.113301193280456,3583.2591422205946
2024-07-31 02:26:00,TENV Induction motor v3,228.02422759872522,16.74359041142199,3558.240279492377
2024-07-31 02:28:00,TENV Induction motor v3,228.6963178969915,18.766032431326142,3551.359889720396
2024-07-31 02:30:00,TENV Induction motor v3,225.1959389612716,16.435614955365306,3565.875184959334
2024-07-31 02:32:00,TENV Induction motor v3,226.41403481288205,17.058598392011202,3579.779250981808
2024-07-31 02:34:00,TENV Induction motor v3,225.60098280606584,19.900378720848185,3574.330304564073
2024-07-31 02:36:00,TENV Induction motor v3,226.48070098761073,18.55785109789604,3584.6277313431565
2024-07-31 02:38:00,TENV Induction motor v3,225.59363859477122,18.082711165930213,3590.9844902787268
2024-07-31 02:40:00,TENV Induction motor v3,226.58991589696987,17.59167445933975,3574.422123336514
2024-07-31 02:42:00,TENV Induction motor v3,227.07131497257336,19.098003819536807,3556.713351185891
2024-07-31 02:44:00,TENV Induction motor v3,225.32073748174392,16.563829906094774,3592.531399989948
2024-07-31 02:46:00,TENV Induction motor v3,228.4623605968501,19.86935120814793,3578.749516363706
2024-07-31 02:48:00,TENV Induction motor v3,227.83300727103287,19.444492032263145,3586.9968740391437
2024-07-31 02:50:00,TENV Induction motor v3,226.32694745469723,18.470627930276972,3585.2332326804144
2024-07-31 02:52:00,TENV Induction motor v3,227.6162402673335,16.171624761610232,3598.410588566562
2024-07-31 02:54:00,TENV Induction motor v3,225.46970255379222,18.803422597790952,3564.7653661167906
2024-07-31 02:56:00,TENV Induction motor v3,227.8797324777809,19.653137363541923,3585.265338638963
2024-07-31 02:58:00,TENV Induction motor v3,229.64648098788106,18.098308269914504,3568.283816656296
2024-07-31 03:00:00,TENV Induction motor v3,226.59284476225662,17.41689928730905,3569.770536045932
2024-07-31 03:02:00,TENV Induction motor v3,228.33705189981842,16.48110937991788,3561.5297318329362
2024-07-31 03:04:00,TENV Induction motor v3,225.65898931202196,19.019604416550273,3567.200508782543
2024-07-31 03:06:00,TENV Induction motor v3,228.58163602059284,19.540087404847224,3597.414837582913
2024-07-31 03:08:00,TENV Induction motor v3,226.447030464736,16.401006976303393,3564.62854234738
2024-07-31 03:10:00,TENV Induction motor v3,225.9159568100356,19.035938219009367,3562.2995302978293
2024-07-31 03:12:00,TENV Induction motor v3,227.9325646740504,16.06824194503639,3579.156898923691
2024-07-31 03:14:00,TENV Induction motor v3,225.10053773093748,19.86821967230888,3562.9017978370875
2024-07-31 03:16:00,TENV Induction motor v3,229.14470014608682,18.460232082540387,3573.669286279715
2024-07-31 03:18:00,TENV Induction motor v3,225.02347738096273,18.209756235966534,3591.708812827812
2024-07-31 03:20:00,TENV Induction motor v3,228.38908268398114,17.18379933435571,3561.5200157153586
2024-07-31 03:22:00,TENV Induction motor v3,226.35003986596084,19.717166686279135,3571.334570609196
2024-07-31 03:24:00,TENV Induction motor v3,228.67597011061298,17.063622509347162,3580.5244867510014
2024-07-31 03:26:00,TENV Induction motor v3,229.81094272558718,19.31258645286678,3577.281446228674
2024-07-31 03:28:00,TENV Induction motor v3,226.24376571759979,19.940434717348527,3598.736161870762
2024-07-31 03:30:00,TENV Induction motor v3,227.8807866720892,19.133586582059223,3584.0185127197597
2024-07-31 03:32:00,TENV Induction motor v3,227.96020965635918,18.075959681545726,3586.997312102422
2024-07-31 03:34:00,TENV Induction motor v3,227.86125952895438,16.264297055406686,3598.3477973983368
2024-07-31 03:36:00,TENV Induction motor v3,226.11540816320309,17.88965515668429,3570.721901261426
2024-07-31 03:38:00,TENV Induction motor v3,229.7637450575849,17.753023787886814,3567.7689907530525
2024-07-31 03:40:00,TENV Induction motor v3,227.23562689308812,16.81118416474798,3552.1931214883193
2024-07-31 03:42:00,TENV Induction motor v3,229.23204336235563,17.69435054685722,3559.210215325941
2024-07-31 03:44:00,TENV Induction motor v3,228.49739637658752,17.431031536321356,3561.859481602584
2024-07-31 03:46:00,TENV Induction motor v3,226.48718475427566,16.654737044606595,3559.1752233535667
2024-07-31 03:48:00,TENV Induction motor v3,229.0689890985124,17.765496573329944,3587.739194659828
2024-07-31 03:50:00,TENV Induction motor v3,226.98252870423494,17.051199825297957,3576.7941490638054
2024-07-31 03:52:00,TENV Induction motor v3,229.4055159855558,18.088249682729057,3583.3816900729234
2024-07-31 03:54:00,TENV Induction motor v3,227.9063643631793,16.140640238864776,3591.0231080419685
2024-07-31 03:56:00,TENV Induction motor v3,229.40867680927425,19.624925679149136,3561.538697064295
2024-07-31 03:58:00,TENV Induction motor v3,228.46265795038883,19.265457222079423,3566.296196991075
2024-07-31 04:00:00,TENV Induction motor v3,228.62627139909821,18.210325330042018,3585.41801335183
2024-07-31 04:02:00,TENV Induction motor v3,227.5066219096335,19.407234331028974,3569.6379472952235
2024-07-31 04:04:00,TENV Induction motor v3,229.7804181736161,19.8495802952432,3551.463547005052
2024-07-31 04:06:00,TENV Induction motor v3,228.21995099614819,16.442089176210644,3571.747760951344
2024-07-31 04:08:00,TENV Induction motor v3,227.1192752427909,18.523327233639215,3595.4136543207705
2024-07-31 04:10:00,TENV Induction motor v3,228.0319660706396,19.991976003742636,3570.4510755796437
2024-07-31 04:12:00,TENV Induction motor v3,225.09596599154668,19.951556677334104,3566.6124458221375
2024-07-31 04:14:00,TENV Induction motor v3,226.50787408337274,18.413291969162977,3599.4762541472514
2024-07-31 04:16:00,TENV Induction motor v3,228.30086768746344,16.512083481803266,3582.2207782118508
2024-07-31 04:18:00,TENV Induction motor v3,226.45038803605223,18.332771323962113,3568.299901323559
2024-07-31 04:20:00,TENV Induction motor v3,228.0900771449942,16.008258542297686,3555.10097656819
2024-07-31 04:22:00,TENV Induction motor v3,227.14384350472884,16.795645338667438,3589.392472247321
2024-07-31 04:24:00,TENV Induction motor v3,225.67737032111225,19.82449263823984,3585.403746674388
2024-07-31 04:26:00,TENV Induction motor v3,226.49141162978015,17.321762290411375,3596.095789962428
2024-07-31 04:28:00,TENV Induction motor v3,227.84982455350632,18.553560423107793,3560.8637815014004
2024-07-31 04:30:00,TENV Induction motor v3,227.95436380624088,17.12343797852897,3555.7462174994116
2024-07-31 04:32:00,TENV Induction motor v3,227.8716262442479,19.79128754844636,3586.203626320453
2024-07-31 04:34:00,TENV Induction motor v3,228.26600409928568,18.91423491979795,3560.169792099935
2024-07-31 04:36:00,TENV Induction motor v3,228.26051635000846,17.318604630325652,3558.805191889475
2024-07-31 04:38:00,TENV Induction motor v3,227.15709217716986,19.167045684721483,3565.9903667698036
2024-07-31 04:40:00,TENV Induction motor v3,229.4827329792553,16.43266209790535,3590.841257073922
2024-07-31 04:42:00,TENV Induction motor v3,226.8378093502395,17.56927576026184,3576.9768302554817
2024-07-31 04:44:00,TENV Induction motor v3,227.17932462632814,16.88487251092637,3552.292517755114
2024-07-31 04:46:00,TENV Induction motor v3,229.45961677507836,18.734905789104186,3573.1947337329657
2024-07-31 04:48:00,TENV Induction motor v3,229.03096994523042,16.409785127087723,3584.198980568324
2024-07-31 04:50:00,TENV Induction motor v3,228.51944291770184,17.588103329130696,3576.9184219234508
2024-07-31 04:52:00,TENV Induction motor v3,225.5011344365615,17.10659892083676,3578.6225109078277
2024-07-31 04:54:00,TENV Induction motor v3,229.59741306872337,18.025371677295215,3561.2388664196333
2024-07-31 04:56:00,TENV Induction motor v3,228.57120649774555,17.399590722015517,3592.3869665797674
2024-07-31 04:58:00,TENV Induction motor v3,229.99423503283933,18.825642310668044,3578.0699358795564
2024-07-31 05:00:00,TENV Induction motor v3,225.74724152328997,16.098308097227864,3585.662300652034
2024-07-31 05:02:00,TENV Induction motor v3,229.34063028684108,18.53594768522363,3599.093210850665
2024-07-31 05:04:00,TENV Induction motor v3,225.81246467338187,16.92228515877528,3571.4099328837265
2024-07-31 05:06:00,TENV Induction motor v3,228.0777978214192,17.0748361150274,3594.053330633825
2024-07-31 05:08:00,TENV Induction motor v3,225.61909991424722,19.201022414334094,3550.3640506970564
2024-07-31 05:10:00,TENV Induction motor v3,229.24004114661116,19.822273575921685,3551.670364630756
2024-07-31 05:12:00,TENV Induction motor v3,229.03659479362506,17.266200840108347,3579.513996086441
2024-07-31 05:14:00,TENV Induction motor v3,227.84550369307297,19.307221081476303,3565.57246977711
2024-07-31 05:16:00,TENV Induction motor v3,227.03591648613,16.415963351884933,3562.413828350985
2024-07-31 05:18:00,TENV Induction motor v3,225.3458349772757,18.535926612029535,3563.896767860448
2024-07-31 05:20:00,TENV Induction motor v3,228.48714386572283,19.004129198139676,3565.9201467305293
2024-07-31 05:22:00,TENV Induction motor v3,227.26771341339034,16.623911712137826,3586.447384807171
2024-07-31 05:24:00,TENV Induction motor v3,228.61027799735174,17.704009550678244,3578.4597986115473
2024-07-31 05:26:00,TENV Induction motor v3,229.33191162964314,19.570828656995925,3589.4517986279666
2024-07-31 05:28:00,TENV Induction motor v3,229.87760752501444,16.414313853793487,3591.509828991753
2024-07-31 05:30:00,TENV Induction motor v3,229.27901671196307,16.072385432805902,3592.1467429650643
2024-07-31 05:32:00,TENV Induction motor v3,225.058570420925,18.362341516191734,3570.7322074587446
2024-07-31 05:34:00,TENV Induction motor v3,226.79989032239183,17.742126162123732,3571.0636698158205
2024-07-31 05:36:00,TENV Induction motor v3,228.6499528121203,19.19475699553561,3596.313294007029
2024-07-31 05:38:00,TENV Induction motor v3,225.8581483863072,19.693822152816427,3583.0881797302204
2024-07-31 05:40:00,TENV Induction motor v3,227.60518303102066,17.196614578175264,3554.0233591989568
2024-07-31 05:42:00,TENV Induction motor v3,225.27168994169628,17.55361646867642,3577.1093477046234
2024-07-31 05:44:00,TENV Induction motor v3,225.999982624482,17.94508834531726,3567.8003629817454
2024-07-31 05:46:00,TENV Induction motor v3,225.09260897230308,18.352605841741198,3599.3717494858183
2024-07-31 05:48:00,TENV Induction motor v3,228.9684885167871,19.935415318726466,3550.6827703231147
2024-07-31 05:50:00,TENV Induction motor v3,226.1196234403019,18.789321003320207,3580.609043653528
2024-07-31 05:52:00,TENV Induction motor v3,226.72675840348452,17.558194029382275,3586.1811547199427
2024-07-31 05:54:00,TENV Induction motor v3,229.64040646732795,17.05507074580185,3564.4453385678676
2024-07-31 05:56:00,TENV Induction motor v3,228.52207200961766,19.778502873688495,3598.682075912827
2024-07-31 05:58:00,TENV Induction motor v3,225.15919464765653,16.542193732434026,3592.9768313510854
2024-07-31 06:00:00,TENV Induction motor v3,225.82347078248955,18.88106341001903,3595.7826420492906
2024-07-31 06:02:00,TENV Induction motor v3,228.10739200749882,19.701580101169764,3550.9616029675776
2024-07-31 06:04:00,TENV Induction motor v3,227.88614294302084,18.658662346137753,3578.4936075657406
2024-07-31 06:06:00,TENV Induction motor v3,226.18946410687255,17.692217760664484,3564.7325120977275
2024-07-31 06:08:00,TENV Induction motor v3,229.67106998962396,16.795963759701937,3592.4514317467833
2024-07-31 06:10:00,TENV Induction motor v3,228.0698297798295,17.46990128900771,3581.642482845748
2024-07-31 06:12:00,TENV Induction motor v3,227.6781640151248,18.827487237680486,3576.9438502160556
2024-07-31 06:14:00,TENV Induction motor v3,227.94954988177287,18.598136896701188,3555.7294084837804
2024-07-31 06:16:00,TENV Induction motor v3,228.65061014758385,19.71190466639343,3577.0111402393095
2024-07-31 06:18:00,TENV Induction motor v3,226.55972497739802,19.4674436546375,3581.5952073178214
2024-07-31 06:20:00,TENV Induction motor v3,226.99110531108045,19.264603009065475,3597.7956154655103
2024-07-31 06:22:00,TENV Induction motor v3,226.04921874487562,19.645803501403048,3579.2525505211934
2024-07-31 06:24:00,TENV Induction motor v3,225.93096502940168,17.105348610948198,3598.370030087283
2024-07-31 06:26:00,TENV Induction motor v3,229.72186194991966,17.478094160558598,3598.080305780333
2024-07-31 06:28:00,TENV Induction motor v3,228.69775397524643,17.51957561514407,3582.51001679168
2024-07-31 06:30:00,TENV Induction motor v3,227.45229404308785,18.24180235483912,3575.2953992059042
2024-07-31 06:32:00,TENV Induction motor v3,226.13707313986663,18.672872918171084,3573.3010871913025
2024-07-31 06:34:00,TENV Induction motor v3,226.27178240885198,17.146866732161577,3594.5189280557893
2024-07-31 06:36:00,TENV Induction motor v3,225.2901458016194,16.077849869237202,3551.412834148588
2024-07-31 06:38:00,TENV Induction motor v3,227.17208312779061,17.596889534631636,3555.6904099011786
2024-07-31 06:40:00,TENV Induction motor v3,226.5589794099705,17.2341118382176,3555.1035864559576
2024-07-31 06:42:00,TENV Induction motor v3,228.4817174440773,19.76873887607219,3587.846766256053
2024-07-31 06:44:00,TENV Induction motor v3,226.88875919646242,19.553060162176173,3566.982551192627
2024-07-31 06:46:00,TENV Induction motor v3,225.89801838779817,19.44124271337368,3581.898427237035
2024-07-31 06:48:00,TENV Induction motor v3,225.12339364195665,18.611999043780973,3580.1891451921283
2024-07-31 06:50:00,TENV Induction motor v3,225.33624815731625,17.377156658795755,3569.2913984871266
2024-07-31 06:52:00,TENV Induction motor v3,228.39696386749284,18.19539706959722,3576.57838611212
2024-07-31 06:54:00,TENV Induction motor v3,227.26848422278022,19.26090016286549,3582.256926678583
2024-07-31 06:56:00,TENV Induction motor v3,227.6828960555436,16.394441474891245,3597.047516493907
2024-07-31 06:58:00,TENV Induction motor v3,229.48335646520172,19.20429952102122,3578.7817036430492
2024-07-31 07:00:00,TENV Induction motor v3,229.9516947369835,16.164719165312487,3580.7183755884157
2024-07-31 07:02:00,TENV Induction motor v3,226.08448492199236,19.265684124857422,3553.392790885189
2024-07-31 07:04:00,TENV Induction motor v3,228.3153910155005,19.230255216639495,3597.6107907380056
2024-07-31 07:06:00,TENV Induction motor v3,226.31661188368577,16.204029235315023,3576.4040963954694
2024-07-31 07:08:00,TENV Induction motor v3,225.10325499732863,18.508642845847433,3590.063670992996
2024-07-31 07:10:00,TENV Induction motor v3,228.79189326918072,18.00981229725159,3552.5145531573694
2024-07-31 07:12:00,TENV Induction motor v3,226.60008575411234,16.679278012686858,3571.0455067868547
2024-07-31 07:14:00,TENV Induction motor v3,226.9173194708595,16.593515750709503,3562.848772957635
2024-07-31 07:16:00,TENV Induction motor v3,227.94158556776802,19.093036504268092,3563.3487949344294
2024-07-31 07:18:00,TENV Induction motor v3,229.15524227618096,18.270770995347377,3589.5726864980466
2024-07-31 07:20:00,TENV Induction motor v3,228.14490921795576,19.93199653966613,3581.1933362634427
2024-07-31 07:22:00,TENV Induction motor v3,229.36325327723696,19.928991109153376,3571.987265592142
2024-07-31 07:24:00,TENV Induction motor v3,226.36771017407818,19.970667973857065,3550.5292869793197
2024-07-31 07:26:00,TENV Induction motor v3,228.99023416956283,16.474462073463062,3598.2463971472766
2024-07-31 07:28:00,TENV Induction motor v3,225.92817972152977,19.753024547855848,3598.1011626677864
2024-07-31 07:30:00,TENV Induction motor v3,229.7639582848597,16.978278436082253,3560.877610514002
2024-07-31 07:32:00,TENV Induction motor v3,228.43744138193907,17.83284903903445,3552.067318615828
2024-07-31 07:34:00,TENV Induction motor v3,226.0775383855678,19.029626223286904,3576.509968150595
2024-07-31 07:36:00,TENV Induction motor v3,229.73685295244462,16.81448372830893,3597.5705407308205
2024-07-31 07:38:00,TENV Induction motor v3,228.6542790338508,18.26524642221732,3595.5197922882467
2024-07-31 07:40:00,TENV Induction motor v3,226.26970821297513,16.743266992903983,3579.23314319447
2024-07-31 07:42:00,TENV Induction motor v3,226.0665598868374,16.418944426725172,3565.1774425326853
2024-07-31 07:44:00,TENV Induction motor v3,227.5910035696533,16.466234449718392,3566.49804418846
2024-07-31 07:46:00,TENV Induction motor v3,225.12831359027265,17.430556139392877,3594.8956775743013
2024-07-31 07:48:00,TENV Induction motor v3,226.03735037720554,16.018619347348732,3574.5892017817787
2024-07-31 07:50:00,TENV Induction motor v3,227.12342734375753,17.69941568480676,3556.5558114483574
2024-07-31 07:52:00,TENV Induction motor v3,226.87084990167114,18.656788420324595,3562.4212737986804
2024-07-31 07:54:00,TENV Induction motor v3,227.31787712182404,17.606752740015956,3563.839745073375
2024-07-31 07:56:00,TENV Induction motor v3,226.38814353147367,16.34317840207934,3556.1773342465954
2024-07-31 07:58:00,TENV Induction motor v3,227.93392173229086,16.250755448094562,3573.1522190760647
2024-07-31 08:00:00,TENV Induction motor v3,229.31927802961616,17.112466051059446,3595.8025454137496
2024-07-31 08:02:00,TENV Induction motor v3,225.58765927981017,16.677250762174403,3583.439127149613
2024-07-31 08:04:00,TENV Induction motor v3,227.58689553577057,19.860379892871876,3553.6236962124426
2024-07-31 08:06:00,TENV Induction motor v3,225.66034053172578,16.60492089989634,3550.2747408904584
2024-07-31 08:08:00,TENV Induction motor v3,228.58429840596295,19.221849749619984,3563.8123833734626
2024-07-31 08:10:00,TENV Induction motor v3,226.98029851403646,18.34443176696458,3568.134646739697
2024-07-31 08:12:00,TENV Induction motor v3,227.82710655929253,18.277147679937176,3588.837483452339
2024-07-31 08:14:00,TENV Induction motor v3,225.9163991810704,18.048322863695137,3598.3502761965183
2024-07-31 08:16:00,TENV Induction motor v3,225.7242387967169,19.887052304455803,3569.378358671177
2024-07-31 08:18:00,TENV Induction motor v3,227.44028140324477,17.45537910036655,3584.334501490843
2024-07-31 08:20:00,TENV Induction motor v3,226.7780636892498,19.151663003815504,3599.745095367648
2024-07-31 08:22:00,TENV Induction motor v3,229.70215972626406,18.22117642986784,3587.283329193751
2024-07-31 08:24:00,TENV Induction motor v3,228.82662626903482,17.582534670502906,3581.8094774542924
2024-07-31 08:26:00,TENV Induction motor v3,228.74331809925275,19.821863733223125,3553.903742708915
2024-07-31 08:28:00,TENV Induction motor v3,229.51859869872968,18.39326387745875,3566.1607600597367
2024-07-31 08:30:00,TENV Induction motor v3,225.4171121772101,16.475667768584053,3595.6696079228577
2024-07-31 08:32:00,TENV Induction motor v3,227.76096234961204,17.670156803987425,3560.050274084045
2024-07-31 08:34:00,TENV Induction motor v3,227.92238034477884,19.12632691072643,3592.1795179636606
2024-07-31 08:36:00,TENV Induction motor v3,229.80968189273614,18.774988092956853,3584.8161842540253
2024-07-31 08:38:00,TENV Induction motor v3,226.46073763396274,19.665361319346296,3568.3162185415376
2024-07-31 08:40:00,TENV Induction motor v3,226.20414389957725,17.03750953656608,3576.458713485633
2024-07-31 08:42:00,TENV Induction motor v3,225.5014697113275,19.032774865415295,3577.1403234376407
2024-07-31 08:44:00,TENV Induction motor v3,225.08214814795738,17.839500829578085,3585.702689253694
2024-07-31 08:46:00,TENV Induction motor v3,229.64764658396095,18.294438987867263,3575.82779705496
2024-07-31 08:48:00,TENV Induction motor v3,228.34958273295456,19.82018672402513,3556.6537995092085
2024-07-31 08:50:00,TENV Induction motor v3,228.92576456011568,19.91714527995671,3588.6727335760957
2024-07-31 08:52:00,TENV Induction motor v3,226.40865052876975,19.446363855702256,3570.313624845306
2024-07-31 08:54:00,TENV Induction motor v3,227.93205083093164,17.436388350921185,3598.1546945105965
2024-07-31 08:56:00,TENV Induction motor v3,225.3197763306049,19.55080334290928,3564.1756891146515
2024-07-31 08:58:00,TENV Induction motor v3,227.42813797967312,18.554436710565653,3563.153939014829
2024-07-31 09:00:00,TENV Induction motor v3,229.88747569872223,17.719987121882852,3566.675369783759
2024-07-31 09:02:00,TENV Induction motor v3,229.38252622658297,16.142970730001934,3578.615850797931
2024-07-31 09:04:00,TENV Induction motor v3,226.69079475918423,19.080512496766328,3594.743487010049
2024-07-31 09:06:00,TENV Induction motor v3,229.8078507727075,18.00842232289645,3558.8140820070007
2024-07-31 09:08:00,TENV Induction motor v3,226.15850813235602,19.144753997860242,3563.983939879961
2024-07-31 09:10:00,TENV Induction motor v3,229.7465941120784,18.992091197373078,3579.083992157393
2024-07-31 09:12:00,TENV Induction motor v3,229.70688852353248,19.17426947219341,3572.7167121080756
2024-07-31 09:14:00,TENV Induction motor v3,228.99601293676196,17.20260463478707,3572.366144362786
2024-07-31 09:16:00,TENV Induction motor v3,228.15223968433395,19.203194396270526,3591.03671310482
2024-07-31 09:18:00,TENV Induction motor v3,229.37143983312473,18.19538531386467,3596.193915125568
2024-07-31 09:20:00,TENV Induction motor v3,226.465101422539,17.893304801796575,3574.065348303494
2024-07-31 09:22:00,TENV Induction motor v3,229.24471777656458,18.70050365528303,3584.3675897723638
2024-07-31 09:24:00,TENV Induction motor v3,228.08938345958762,16.085434731753395,3590.0529355513695
2024-07-31 09:26:00,TENV Induction motor v3,225.0661842887945,16.409267263550376,3575.918320519358
2024-07-31 09:28:00,TENV Induction motor v3,226.7361675896611,17.168709460670087,3564.715820447687
2024-07-31 09:30:00,TENV Induction motor v3,225.74070430474083,19.931960439831357,3581.904229886114
2024-07-31 09:32:00,TENV Induction motor v3,229.90914694909128,16.55898311545982,3579.255455015303
2024-07-31 09:34:00,TENV Induction motor v3,227.39185153519995,17.32238520303684,3595.0781409869805
2024-07-31 09:36:00,TENV Induction motor v3,227.48695682749332,16.204212258767694,3552.6203518384928
2024-07-31 09:38:00,TENV Induction motor v3,228.19736258199362,17.325075521170906,3595.5065693566735
2024-07-31 09:40:00,TENV Induction motor v3,226.84292303064808,17.281305146043326,3576.721601408268
2024-07-31 09:42:00,TENV Induction motor v3,225.684501358428,19.78722868377809,3550.783805802496
2024-07-31 09:44:00,TENV Induction motor v3,229.11058866597122,19.38061634798288,3567.235108938389
2024-07-31 09:46:00,TENV Induction motor v3,225.94923955951379,17.531056876971086,3586.216678193766
2024-07-31 09:48:00,TENV Induction motor v3,227.5565949127323,16.099076232156996,3574.421654396792
2024-07-31 09:50:00,TENV Induction motor v3,226.1215851448737,19.32412445598151,3599.0079518720495
2024-07-31 09:52:00,TENV Induction motor v3,225.48922242247016,18.64214470857816,3571.1305036915523
2024-07-31 09:54:00,TENV Induction motor v3,229.31095758710842,16.60945793460524,3566.3317614813004
2024-07-31 09:56:00,TENV Induction motor v3,229.86459744511566,19.98428508404075,3591.0835967214784
2024-07-31 09:58:00,TENV Induction motor v3,229.804173290315,16.40093374969649,3577.3953349679014
2024-07-31 10:00:00,TENV Induction motor v3,229.5327774961059,19.468458166374653,3584.116328953128
2024-07-31 10:02:00,TENV Induction motor v3,228.8702366634932,17.177064656518755,3590.285116901934
2024-07-31 10:04:00,TENV Induction motor v3,226.6657257601432,17.74141386530063,3583.571377306281
2024-07-31 10:06:00,TENV Induction motor v3,225.40550694994,19.18182610710526,3571.1203747384334
2024-07-31 10:08:00,TENV Induction motor v3,227.03620585706904,18.710033423976043,3556.2398223947152
2024-07-31 10:10:00,TENV Induction motor v3,226.16117071085472,19.75145749777616,3579.012408328565
2024-07-31 10:12:00,TENV Induction motor v3,225.66243817378992,18.484561301841534,3594.871666336463
2024-07-31 10:14:00,TENV Induction motor v3,225.26713590893414,16.391240645916213,3570.9446213259207
2024-07-31 10:16:00,TENV Induction motor v3,228.62797182105288,19.5374414529678,3595.536261742142
2024-07-31 10:18:00,TENV Induction motor v3,225.05713729312515,19.076622099954363,3575.17639098912
2024-07-31 10:20:00,TENV Induction motor v3,228.8529037425139,18.847481803573288,3581.0420781221237
2024-07-31 10:22:00,TENV Induction motor v3,225.73473322700187,16.21493418941494,3591.649423802782
2024-07-31 10:24:00,TENV Induction motor v3,225.39761041293377,17.584890978646975,3578.229855482036
2024-07-31 10:26:00,TENV Induction motor v3,225.44801517119302,16.66974327783816,3554.548466964778
2024-07-31 10:28:00,TENV Induction motor v3,228.36023903676957,19.287615633631475,3599.04897004002
2024-07-31 10:30:00,TENV Induction motor v3,226.22683604926422,18.80211449127145,3562.2924650956415
2024-07-31 10:32:00,TENV Induction motor v3,227.1026973334005,19.532310389276542,3585.52526643151
2024-07-31 10:34:00,TENV Induction motor v3,227.78684395661958,19.866300427696657,3575.255671930887
2024-07-31 10:36:00,TENV Induction motor v3,229.30275586914397,19.098990456769993,3573.9386318408856
2024-07-31 10:38:00,TENV Induction motor v3,228.63522131355666,19.97693233288305,3562.1970409433447
2024-07-31 10:40:00,TENV Induction motor v3,226.35163952619357,18.459079544577197,3586.1075382850054
2024-07-31 10:42:00,TENV Induction motor v3,225.65741399645563,16.148518415565793,3555.6394132415494
2024-07-31 10:44:00,TENV Induction motor v3,225.27687160210598,16.057006060601182,3599.522665468074
2024-07-31 10:46:00,TENV Induction motor v3,226.50799317240472,17.368415500815154,3592.2686768553604
2024-07-31 10:48:00,TENV Induction motor v3,226.3105907461984,19.29388687627015,3576.7254470002895
2024-07-31 10:50:00,TENV Induction motor v3,227.2807028340024,19.464538825298924,3571.2276478029003
2024-07-31 10:52:00,TENV Induction motor v3,228.4164066777384,19.84325011529071,3564.3232316229933
2024-07-31 10:54:00,TENV Induction motor v3,228.4781272281943,16.260485874195275,3575.0795735470383
2024-07-31 10:56:00,TENV Induction motor v3,226.41759423291083,16.178284443950655,3593.9708731012083
2024-07-31 10:58:00,TENV Induction motor v3,226.89963477950062,19.653134385468135,3563.7503200350343
2024-07-31 11:00:00,TENV Induction motor v3,225.90575480868452,17.220186793451447,3575.026872940157
2024-07-31 11:02:00,TENV Induction motor v3,228.9427275615326,18.23194960243853,3561.7274951033514
2024-07-31 11:04:00,TENV Induction motor v3,225.2842403821662,19.92977953200284,3566.8574556832477
2024-07-31 11:06:00,TENV Induction motor v3,228.48498620862495,17.601794138943692,3559.5130254461665
2024-07-31 11:08:00,TENV Induction motor v3,228.89347697970553,18.663485593239358,3599.5269596960593
2024-07-31 11:10:00,TENV Induction motor v3,228.88703780924376,17.60351825452794,3578.5748723231227
2024-07-31 11:12:00,TENV Induction motor v3,226.29711282172678,19.072778657851117,3586.640756201835
2024-07-31 11:14:00,TENV Induction motor v3,226.86906568966282,18.11085890229146,3554.912495672602
2024-07-31 11:16:00,TENV Induction motor v3,227.93799817598193,16.9500925519454,3568.3058775037157
2024-07-31 11:18:00,TENV Induction motor v3,226.36410951212233,17.085224405033866,3594.631990152366
2024-07-31 11:20:00,TENV Induction motor v3,226.85426399608946,17.03223685015363,3554.2219163211976
2024-07-31 11:22:00,TENV Induction motor v3,225.98527140092818,18.129281313034245,3558.274161416981
2024-07-31 11:24:00,TENV Induction motor v3,227.29927941878003,18.812756064062658,3581.2708805175585
2024-07-31 11:26:00,TENV Induction motor v3,225.22306150627057,19.797119600172568,3581.139449705211
2024-07-31 11:28:00,TENV Induction motor v3,228.9989794228531,18.776349500331918,3591.9113522226967
2024-07-31 11:30:00,TENV Induction motor v3,225.38478223493317,19.124771375849562,3596.7746381935713
2024-07-31 11:32:00,TENV Induction motor v3,227.59417574415764,16.675704463458263,3557.0993237712632
2024-07-31 11:34:00,TENV Induction motor v3,226.53405049772599,17.4962505000293,3562.96869092635
2024-07-31 11:36:00,TENV Induction motor v3,227.88771474415688,17.655120879433063,3571.373070284663
2024-07-31 11:38:00,TENV Induction motor v3,229.79716670416713,18.74552092000189,3550.0451642760627
2024-07-31 11:40:00,TENV Induction motor v3,228.22785122228,17.183567905507495,3553.4907151479847
2024-07-31 11:42:00,TENV Induction motor v3,225.17681217877745,17.213167685678663,3561.324563897051
2024-07-31 11:44:00,TENV Induction motor v3,227.1520121975403,17.423556618563474,3574.055098200791
2024-07-31 11:46:00,TENV Induction motor v3,227.55008426159125,19.24120832617293,3562.5761369084307
2024-07-31 11:48:00,TENV Induction motor v3,227.68088747351726,18.310360360173394,3593.8340946111525
2024-07-31 11:50:00,TENV Induction motor v3,228.40696255301918,16.30110911933094,3566.2136437771005
2024-07-31 11:52:00,TENV Induction motor v3,226.38798048865883,16.312984398761877,3596.2311406071312
2024-07-31 11:54:00,TENV Induction motor v3,225.64430282733161,17.485147777129995,3598.7393630367355
2024-07-31 11:56:00,TENV Induction motor v3,226.96337838273547,19.066364202424634,3572.493076695379
2024-07-31 11:58:00,TENV Induction motor v3,229.78202861397975,18.754733705914724,3561.356440844966
2024-07-31 12:00:00,TENV Induction motor v3,225.93565445875421,18.831929418604748,3564.5833066711502
2024-07-31 12:02:00,TENV Induction motor v3,229.51991977464118,19.068840264216387,3588.816684082972
2024-07-31 12:04:00,TENV Induction motor v3,227.71902975038662,17.148610851545318,3563.6674853896297
2024-07-31 12:06:00,TENV Induction motor v3,227.28455710822882,18.19302512776835,3569.029143396014
2024-07-31 12:08:00,TENV Induction motor v3,229.41020705114946,18.17341056126708,3573.9287929240927
2024-07-31 12:10:00,TENV Induction motor v3,227.29301980884293,18.958530004719798,3578.755555823499
2024-07-31 12:12:00,TENV Induction motor v3,228.6208381830577,19.827482276422586,3599.8050220150617
2024-07-31 12:14:00,TENV Induction motor v3,226.9951266085155,17.111959779181863,3561.6104877581797
2024-07-31 12:16:00,TENV Induction motor v3,229.5202219645048,19.173126691028195,3567.6711851624086
2024-07-31 12:18:00,TENV Induction motor v3,228.45012510095614,18.63988219409305,3563.1445588505258
2024-07-31 12:20:00,TENV Induction motor v3,228.49811027125259,18.32095148345384,3568.0556718321855
2024-07-31 12:22:00,TENV Induction motor v3,226.6386020077856,19.099519117389608,3555.040225844731
2024-07-31 12:24:00,TENV Induction motor v3,228.78389321368445,19.7761298657124,3567.9904883620525
2024-07-31 12:26:00,TENV Induction motor v3,228.1803052772357,16.146765671477652,3594.3932515732195
2024-07-31 12:28:00,TENV Induction motor v3,226.20010136689854,16.58960041005288,3564.9294923923226
2024-07-31 12:30:00,TENV Induction motor v3,225.80269411242628,19.025148926004462,3568.5967389924535
2024-07-31 12:32:00,TENV Induction motor v3,228.98195737258666,16.33516541164034,3597.2237082218967
2024-07-31 12:34:00,TENV Induction motor v3,229.7958330151761,18.064494802964372,3586.4189498163432
2024-07-31 12:36:00,TENV Induction motor v3,227.2906941363002,16.879443106566427,3575.8369357409024
2024-07-31 12:38:00,TENV Induction motor v3,227.95492082661843,17.097182815371006,3588.859636420172
2024-07-31 12:40:00,TENV Induction motor v3,229.28861322096776,18.807361931777663,3556.158982442725
2024-07-31 12:42:00,TENV Induction motor v3,227.28611726676928,16.120771093074847,3573.2245176610422
2024-07-31 12:44:00,TENV Induction motor v3,229.75937238416367,19.493277711607615,3555.9118064367935
2024-07-31 12:46:00,TENV Induction motor v3,227.87875581022436,17.77791582140908,3561.680907250979
2024-07-31 12:48:00,TENV Induction motor v3,229.10383560350658,18.009573175628404,3557.093362987013
2024-07-31 12:50:00,TENV Induction motor v3,229.5442185920637,18.160191854774766,3568.0900619584568
2024-07-31 12:52:00,TENV Induction motor v3,229.07761909384286,18.582177178317977,3569.0819660197963
2024-07-31 12:54:00,TENV Induction motor v3,225.79707231724478,17.37942634649099,3597.365429091662
2024-07-31 12:56:00,TENV Induction motor v3,228.14449219530852,16.404429962253964,3563.2062865593766
2024-07-31 12:58:00,TENV Induction motor v3,226.99217129309838,17.273515746664707,3573.621442265826
2024-07-31 13:00:00,TENV Induction motor v3,225.31356476011672,16.67256847209128,3590.568970198174
2024-07-31 13:02:00,TENV Induction motor v3,227.12016125944922,18.224532717801896,3590.7808793218333
2024-07-31 13:04:00,TENV Induction motor v3,226.29342033444703,17.272114523841545,3587.517159351751
2024-07-31 13:06:00,TENV Induction motor v3,229.24519154214255,19.83226871197374,3564.3916881070036
2024-07-31 13:08:00,TENV Induction motor v3,225.1665231327335,19.862937111921124,3574.7485809705677
2024-07-31 13:10:00,TENV Induction motor v3,229.79491360931738,18.480503522272965,3559.310579759336
2024-07-31 13:12:00,TENV Induction motor v3,226.77684424235966,18.469989070669143,3559.41997613914
2024-07-31 13:14:00,TENV Induction motor v3,226.7835344520127,19.941514258268423,3571.7920606569155
2024-07-31 13:16:00,TENV Induction motor v3,225.08164251341853,19.549132604940745,3586.929611062147
2024-07-31 13:18:00,TENV Induction motor v3,225.9261616261809,19.06027979663256,3576.3292129998918
2024-07-31 13:20:00,TENV Induction motor v3,227.00629750401805,17.254362446970806,3594.3341610423727
2024-07-31 13:22:00,TENV Induction motor v3,229.64645708651358,17.462156112472307,3591.5454398888787
2024-07-31 13:24:00,TENV Induction motor v3,225.49807465110635,16.805067063043463,3551.5802721410205
2024-07-31 13:26:00,TENV Induction motor v3,229.7265076673954,17.9485925076695,3578.420952143311
2024-07-31 13:28:00,TENV Induction motor v3,229.34744265273315,19.96147408855832,3580.458063217782
2024-07-31 13:30:00,TENV Induction motor v3,227.27081198453777,19.648603812046353,3598.078757215004
2024-07-31 13:32:00,TENV Induction motor v3,226.6335044088413,16.473397736077878,3551.161831335443
2024-07-31 13:34:00,TENV Induction motor v3,226.1637206463953,16.100761157162026,3576.5551885484315
2024-07-31 13:36:00,TENV Induction motor v3,228.07232353238436,19.594550673633066,3560.239068096793
2024-07-31 13:38:00,TENV Induction motor v3,225.16537295737754,18.14868051179483,3552.6831453145796
2024-07-31 13:40:00,TENV Induction motor v3,225.07803032223413,16.800759552833824,3579.3744262365863
2024-07-31 13:42:00,TENV Induction motor v3,227.1439786124912,18.69461307833854,3588.6302071816403
2024-07-31 13:44:00,TENV Induction motor v3,225.3403703698736,18.57689271171928,3588.7432724612595
2024-07-31 13:46:00,TENV Induction motor v3,226.25970494123047,16.48834242734587,3551.5144205077954
2024-07-31 13:48:00,TENV Induction motor v3,226.1058045767304,17.038400933990477,3570.3473200135795
2024-07-31 13:50:00,TENV Induction motor v3,226.26595596861426,16.240311857253033,3552.225481357431
2024-07-31 13:52:00,TENV Induction motor v3,225.6552761560763,16.83944189548057,3562.3919323495384
2024-07-31 13:54:00,TENV Induction motor v3,225.06018111448827,16.52922269941225,3559.6440351378974
2024-07-31 13:56:00,TENV Induction motor v3,225.57742148569375,16.772945169898225,3560.7591289621078
2024-07-31 13:58:00,TENV Induction motor v3,228.09240129756375,18.74186858365247,3566.9559207017264
2024-07-31 14:00:00,TENV Induction motor v3,229.87128106409025,16.19799897704427,3563.8709020918
2024-07-31 14:02:00,TENV Induction motor v3,229.95172500780447,16.407418460992865,3598.11399556638
2024-07-31 14:04:00,TENV Induction motor v3,227.0452704768653,16.53669455231315,3567.620356000469
2024-07-31 14:06:00,TENV Induction motor v3,225.81477213023302,17.266164483832537,3594.708625764649
2024-07-31 14:08:00,TENV Induction motor v3,228.19380878683265,17.195001243407763,3559.0520835760462
2024-07-31 14:10:00,TENV Induction motor v3,227.45152673274367,17.020255141266556,3588.1873433594105
2024-07-31 14:12:00,TENV Induction motor v3,229.94704888642215,19.002146613729664,3553.0672768012323
2024-07-31 14:14:00,TENV Induction motor v3,225.3265210357589,19.9920911510324,3573.138061473467
2024-07-31 14:16:00,TENV Induction motor v3,228.91617219156907,18.135911694515183,3550.2755220117765
2024-07-31 14:18:00,TENV Induction motor v3,226.44199248665748,19.77681087165577,3590.5145381534717
2024-07-31 14:20:00,TENV Induction motor v3,226.20709310038288,17.58644044850426,3597.524301801889
2024-07-31 14:22:00,TENV Induction motor v3,228.31252285766337,16.426729787210853,3551.7553685413573
2024-07-31 14:24:00,TENV Induction motor v3,226.23031592495482,17.635095317879347,3596.692318073666
2024-07-31 14:26:00,TENV Induction motor v3,228.32929558779594,17.184511093658774,3588.6926945745677
2024-07-31 14:28:00,TENV Induction motor v3,227.58654258601143,17.973627849156713,3567.9430789396397
2024-07-31 14:30:00,TENV Induction motor v3,227.12044494217923,18.628174707665693,3595.44382756114
2024-07-31 14:32:00,TENV Induction motor v3,227.7734390433071,17.844200876609634,3564.812863562545
2024-07-31 14:34:00,TENV Induction motor v3,226.43525759959815,19.7406420483113,3570.464765611738
2024-07-31 14:36:00,TENV Induction motor v3,228.53287353136488,19.53905928919752,3554.835563109601
2024-07-31 14:38:00,TENV Induction motor v3,227.0742843466678,18.80791038066479,3582.846948095007
2024-07-31 14:40:00,TENV Induction motor v3,226.80272780242947,17.958739649458195,3551.4800414371134
2024-07-31 14:42:00,TENV Induction motor v3,229.1432845727787,16.526749127257826,3574.2452637599517
2024-07-31 14:44:00,TENV Induction motor v3,229.62483455976596,17.588054667110534,3584.1595925126267
2024-07-31 14:46:00,TENV Induction motor v3,225.23003655443648,18.817606157604693,3591.0618800474554
2024-07-31 14:48:00,TENV Induction motor v3,226.16313496414884,17.139542082214923,3557.497069481083
2024-07-31 14:50:00,TENV Induction motor v3,226.7425968474628,16.415952310173683,3587.704518312436
2024-07-31 14:52:00,TENV Induction motor v3,229.07483239685124,19.63159383004251,3585.9538511777514
2024-07-31 14:54:00,TENV Induction motor v3,229.92745713821648,18.83620323926218,3577.978526705989
2024-07-31 14:56:00,TENV Induction motor v3,229.84485852335175,18.461105706540387,3579.2322298893932
2024-07-31 14:58:00,TENV Induction motor v3,229.52474172774964,19.169995622435668,3554.563536042839
2024-07-31 15:00:00,TENV Induction motor v3,226.48278132532016,19.342584150333902,3580.023552162019
2024-07-31 15:02:00,TENV Induction motor v3,229.96005621707238,17.933835992684095,3569.0761103535415
2024-07-31 15:04:00,TENV Induction motor v3,226.24710020528227,19.52475300563776,3593.3790425670823
2024-07-31 15:06:00,TENV Induction motor v3,225.52953077441117,19.66567604280442,3565.6549440867993
2024-07-31 15:08:00,TENV Induction motor v3,229.75476305527698,17.086204381699126,3578.8297538681763
2024-07-31 15:10:00,TENV Induction motor v3,226.1671012773405,18.430181439163178,3571.32856998506
2024-07-31 15:12:00,TENV Induction motor v3,228.44884132538874,18.106336115281877,3593.8130969125154
2024-07-31 15:14:00,TENV Induction motor v3,225.29178179490293,18.15178311660761,3562.6958333494595
2024-07-31 15:16:00,TENV Induction motor v3,228.6535454956374,19.750652375858248,3553.940118015473
2024-07-31 15:18:00,TENV Induction motor v3,229.4086010616692,17.220754810772117,3587.432786049157
2024-07-31 15:20:00,TENV Induction motor v3,226.3621844773298,19.933735912938303,3570.644830845416
2024-07-31 15:22:00,TENV Induction motor v3,226.89528448038715,19.608524859216928,3579.4549179563146
2024-07-31 15:24:00,TENV Induction motor v3,226.87148091660458,17.83489155445401,3551.3194665856677
2024-07-31 15:26:00,TENV Induction motor v3,228.74394128770066,19.269813054472664,3597.6054895698703
2024-07-31 15:28:00,TENV Induction motor v3,226.18903621269519,19.07618797728056,3593.880918869249
2024-07-31 15:30:00,TENV Induction motor v3,225.85926549523822,18.711579878474083,3581.193395028864
2024-07-31 15:32:00,TENV Induction motor v3,227.2464582434387,17.27933555753262,3550.8514921056308
2024-07-31 15:34:00,TENV Induction motor v3,226.52234203688658,16.785803967283815,3568.898823699144
2024-07-31 15:36:00,TENV Induction motor v3,229.19594561129327,18.686110787063033,3598.9398268871073
2024-07-31 15:38:00,TENV Induction motor v3,226.1887091300782,19.371893185604335,3584.0665179370117
2024-07-31 15:40:00,TENV Induction motor v3,227.5119472874463,16.065011154709477,3558.0493930656708
2024-07-31 15:42:00,TENV Induction motor v3,229.71291799848964,18.57121350123405,3573.029837432725
2024-07-31 15:44:00,TENV Induction motor v3,228.1699884887233,17.77149209848885,3598.3368871921743
2024-07-31 15:46:00,TENV Induction motor v3,229.33644702731232,19.592351020507934,3576.7354087208296
2024-07-31 15:48:00,TENV Induction motor v3,229.70104844677383,17.28589172341682,3551.230726401491
2024-07-31 15:50:00,TENV Induction motor v3,228.75382430943176,17.896739249054487,3580.9886042137987
2024-07-31 15:52:00,TENV Induction motor v3,228.49787530112377,18.059068416140747,3563.560826546558
2024-07-31 15:54:00,TENV Induction motor v3,229.83982783302113,16.56175808548421,3554.942297593845
2024-07-31 15:56:00,TENV Induction motor v3,229.9720039482384,18.851569210795624,3570.1454222365946
2024-07-31 15:58:00,TENV Induction motor v3,227.2591084133488,19.321905380483837,3577.926154871612
2024-07-31 16:00:00,TENV Induction motor v3,225.35434889092105,16.23163710758504,3550.85203590239
2024-07-31 16:02:00,TENV Induction motor v3,226.4639701572026,17.16555528214761,3577.9523404317974
2024-07-31 16:04:00,TENV Induction motor v3,225.76177352843865,16.15217872614023,3575.5601573419817
2024-07-31 16:06:00,TENV Induction motor v3,227.08743187398005,19.82617641875297,3589.695419154938
2024-07-31 16:08:00,TENV Induction motor v3,225.6564466423663,18.668675282815293,3571.1774908407697
2024-07-31 16:10:00,TENV Induction motor v3,228.0205890201044,19.856801677819128,3577.672521483494
2024-07-31 16:12:00,TENV Induction motor v3,226.91404029578928,18.12597711332523,3587.1004652028564
2024-07-31 16:14:00,TENV Induction motor v3,229.47692942144104,19.208274095582457,3594.8572935890975
2024-07-31 16:16:00,TENV Induction motor v3,229.83897335899252,17.49765593551896,3569.0017288011845
2024-07-31 16:18:00,TENV Induction motor v3,227.7344245083471,17.415276130290565,3580.081674789157
2024-07-31 16:20:00,TENV Induction motor v3,226.37411784933798,17.513071268420532,3584.730545170819
2024-07-31 16:22:00,TENV Induction motor v3,227.96115209380918,18.63144853490571,3552.16353382211
2024-07-31 16:24:00,TENV Induction motor v3,229.48380579112205,17.43781260408661,3590.038025424307
2024-07-31 16:26:00,TENV Induction motor v3,227.03366672917875,19.6014698064169,3568.8715092607695
2024-07-31 16:28:00,TENV Induction motor v3,227.76039138345985,19.933099460200623,3583.5119470721806
2024-07-31 16:30:00,TENV Induction motor v3,226.35826383803072,16.121706061348025,3573.5832033102474
2024-07-31 16:32:00,TENV Induction motor v3,227.27722074725014,16.774493161609985,3585.1169571345854
2024-07-31 16:34:00,TENV Induction motor v3,227.008567676898,16.448999970349544,3586.216548961789
2024-07-31 16:36:00,TENV Induction motor v3,226.24206732541487,16.16945618836577,3559.578550674323
2024-07-31 16:38:00,TENV Induction motor v3,227.52933191912655,16.910963973389144,3583.1087117143225
2024-07-31 16:40:00,TENV Induction motor v3,226.55190412989907,17.787173281476324,3592.566171894104
2024-07-31 16:42:00,TENV Induction motor v3,226.86517431940374,19.347961461154735,3561.7783600252487
2024-07-31 16:44:00,TENV Induction motor v3,227.62485221127133,16.887296122039984,3587.9091734946937
2024-07-31 16:46:00,TENV Induction motor v3,228.75297511464493,17.975781022648803,3581.6912556577613
2024-07-31 16:48:00,TENV Induction motor v3,226.66753732895637,19.718474957787016,3597.756301723628
2024-07-31 16:50:00,TENV Induction motor v3,229.62079383310382,18.6688588271467,3563.012328864588
2024-07-31 16:52:00,TENV Induction motor v3,229.3115927341795,19.19231607902399,3557.7138888829004
2024-07-31 16:54:00,TENV Induction motor v3,225.24345147987765,18.203975880741943,3565.606050764085
2024-07-31 16:56:00,TENV Induction motor v3,226.2682126212841,19.92186583536252,3562.897938909896
2024-07-31 16:58:00,TENV Induction motor v3,227.230677563296,18.354648618725896,3587.841638023676
2024-07-31 17:00:00,TENV Induction motor v3,225.52313944371238,16.182042855850366,3586.6554651923398
2024-07-31 17:02:00,TENV Induction motor v3,226.7423799451675,16.79193119975918,3583.484245042767
2024-07-31 17:04:00,TENV Induction motor v3,228.7004876280884,17.619094515828593,3560.8189557229243
2024-07-31 17:06:00,TENV Induction motor v3,228.40257240571412,18.405108690295105,3593.0903403719544
2024-07-31 17:08:00,TENV Induction motor v3,228.11192214283002,19.08772346963584,3597.8285777929464
2024-07-31 17:10:00,TENV Induction motor v3,228.55264201361172,17.652344503615545,3576.5802909054323
2024-07-31 17:12:00,TENV Induction motor v3,226.0246184347985,18.840233220062753,3582.468636531469
2024-07-31 17:14:00,TENV Induction motor v3,226.70849057432366,19.1594780124365,3575.034604951028
2024-07-31 17:16:00,TENV Induction motor v3,228.3812124113873,17.26904078899993,3564.1778857551303
2024-07-31 17:18:00,TENV Induction motor v3,229.39617381515663,19.917080960143274,3564.3073801998303
2024-07-31 17:20:00,TENV Induction motor v3,227.71839026914049,18.598625980943343,3565.6710261367457
2024-07-31 17:22:00,TENV Induction motor v3,226.41349825472767,19.523992243144527,3559.542500208208
2024-07-31 17:24:00,TENV Induction motor v3,225.15117629002992,18.223750755234427,3595.0961816314657
2024-07-31 17:26:00,TENV Induction motor v3,228.55168414487107,18.966412428609296,3592.919906702334
2024-07-31 17:28:00,TENV Induction motor v3,225.0394205175422,19.082176246465462,3573.081968065942
2024-07-31 17:30:00,TENV Induction motor v3,226.863395349105,19.632993516938317,3568.3625706280086
2024-07-31 17:32:00,TENV Induction motor v3,227.6526860728139,16.60139902748548,3596.953917827355
2024-07-31 17:34:00,TENV Induction motor v3,229.61055730883595,18.233133696676994,3561.1186734616404
2024-07-31 17:36:00,TENV Induction motor v3,225.4474727251645,17.713514052423424,3577.67709797334
2024-07-31 17:38:00,TENV Induction motor v3,227.02971160984143,19.69263608469496,3552.724907777108
2024-07-31 17:40:00,TENV Induction motor v3,225.12156599855078,16.420378776995996,3559.5601098508723
2024-07-31 17:42:00,TENV Induction motor v3,226.71305492170796,19.93029555472365,3580.2013466679755
2024-07-31 17:44:00,TENV Induction motor v3,228.11115529419897,19.501805296373185,3583.1091826422085
2024-07-31 17:46:00,TENV Induction motor v3,226.395339741143,16.295305126256995,3579.049790933662
2024-07-31 17:48:00,TENV Induction motor v3,226.04874974827817,17.963865542161898,3593.4800707999643
2024-07-31 17:50:00,TENV Induction motor v3,225.57851616663547,18.870238000850104,3599.6702610411376
2024-07-31 17:52:00,TENV Induction motor v3,227.8857012201017,18.952606182764224,3588.1930921076455
2024-07-31 17:54:00,TENV Induction motor v3,228.47635002952342,19.625976500951683,3573.254589207188
2024-07-31 17:56:00,TENV Induction motor v3,228.3597857029791,19.199461742329245,3591.696733472705
2024-07-31 17:58:00,TENV Induction motor v3,229.74430510360253,17.243721521376358,3556.0193697083
2024-07-31 18:00:00,TENV Induction motor v3,225.0135160694675,17.993739143449808,3584.1635348222967
2024-07-31 18:02:00,TENV Induction motor v3,228.23598326947018,18.807143051743417,3575.916889372672
2024-07-31 18:04:00,TENV Induction motor v3,228.0019611854882,16.553747365457404,3558.903294312786
2024-07-31 18:06:00,TENV Induction motor v3,227.94369804985143,16.775963190400788,3598.6466808640107
2024-07-31 18:08:00,TENV Induction motor v3,229.8138515992012,17.92416979243949,3566.9218709889374
2024-07-31 18:10:00,TENV Induction motor v3,225.0843583668502,17.19298319482205,3580.771170298169
2024-07-31 18:12:00,TENV Induction motor v3,228.48241215350725,19.45023699913638,3593.9297118762474
2024-07-31 18:14:00,TENV Induction motor v3,229.06839324850932,18.345109286082472,3575.334442195741
2024-07-31 18:16:00,TENV Induction motor v3,227.54903598310793,17.39466079087347,3555.7568925088217
2024-07-31 18:18:00,TENV Induction motor v3,226.66982434798405,19.39533210241764,3590.9369542173645
2024-07-31 18:20:00,TENV Induction motor v3,228.95420081613702,19.219513794216954,3567.66068835294
2024-07-31 18:22:00,TENV Induction motor v3,225.48621462816212,19.99341950839708,3599.153343444592
2024-07-31 18:24:00,TENV Induction motor v3,227.21017818864962,19.38923075333494,3594.191272322228
2024-07-31 18:26:00,TENV Induction motor v3,227.5997618728542,17.65782613922272,3592.6724666674477
2024-07-31 18:28:00,TENV Induction motor v3,228.46978205467275,16.509995527079955,3567.812658876895
2024-07-31 18:30:00,TENV Induction motor v3,225.45442866016205,19.362563632801912,3587.8564888904534
2024-07-31 18:32:00,TENV Induction motor v3,226.1387975076893,16.239031671841577,3599.3164531500793
2024-07-31 18:34:00,TENV Induction motor v3,227.05150781345063,17.401084829379418,3576.3160805975667
2024-07-31 18:36:00,TENV Induction motor v3,228.11647336510066,19.678951923085094,3573.5366077477615
2024-07-31 18:38:00,TENV Induction motor v3,229.4348039060871,19.843065893780402,3550.7332910486034
2024-07-31 18:40:00,TENV Induction motor v3,228.0941308412069,18.562258374084873,3585.010188436747
2024-07-31 18:42:00,TENV Induction motor v3,225.66730735467468,18.754593267934855,3592.923878430093
2024-07-31 18:44:00,TENV Induction motor v3,229.9029006639364,16.16981795490209,3562.3728593040914
2024-07-31 18:46:00,TENV Induction motor v3,229.35892867377746,18.05792136435819,3565.7512288557327
2024-07-31 18:48:00,TENV Induction motor v3,227.51360380572663,18.187472715225365,3575.0338510663078
2024-07-31 18:50:00,TENV Induction motor v3,229.61173990898317,17.360402984496446,3553.6040078680758
2024-07-31 18:52:00,TENV Induction motor v3,227.70690396878567,16.274387339015536,3554.4821238049367
2024-07-31 18:54:00,TENV Induction motor v3,229.6165303394458,16.915630398897576,3571.055537944404
2024-07-31 18:56:00,TENV Induction motor v3,229.14948684301672,17.431935747444786,3563.060947635171
2024-07-31 18:58:00,TENV Induction motor v3,229.8414320514715,17.74056794606532,3570.3018651266384
2024-07-31 19:00:00,TENV Induction motor v3,229.59891405389078,18.363706902134275,3572.7193149049967
2024-07-31 19:02:00,TENV Induction motor v3,225.18016908714284,18.889566074792945,3598.813669836956
2024-07-31 19:04:00,TENV Induction motor v3,225.8738600208047,17.270527493095784,3597.2129910051417
2024-07-31 19:06:00,TENV Induction motor v3,226.94567338550593,17.315815039675932,3556.9865075769885
2024-07-31 19:08:00,TENV Induction motor v3,229.7607134864771,16.078766570894814,3594.1292986866124
2024-07-31 19:10:00,TENV Induction motor v3,226.50014459737966,16.16349944037607,3554.0103331165037
2024-07-31 19:12:00,TENV Induction motor v3,225.802338219438,17.031286777234147,3575.3817734858876
2024-07-31 19:14:00,TENV Induction motor v3,229.4315233304328,18.960979990699826,3558.1954950054883
2024-07-31 19:16:00,TENV Induction motor v3,227.231972077416,18.51325532149565,3568.294607267847
2024-07-31 19:18:00,TENV Induction motor v3,229.53937797177164,19.07915608271134,3587.167011282433
2024-07-31 19:20:00,TENV Induction motor v3,225.80115233160072,19.075677744859288,3571.2252739678424
2024-07-31 19:22:00,TENV Induction motor v3,228.3055875575405,19.426269870677206,3590.347564378567
2024-07-31 19:24:00,TENV Induction motor v3,227.20131876414746,18.881277063947536,3585.940785551877
2024-07-31 19:26:00,TENV Induction motor v3,225.38243384515144,19.91604367600329,3597.141972310551
2024-07-31 19:28:00,TENV Induction motor v3,228.4823157232625,19.59530087720727,3576.707801029294
2024-07-31 19:30:00,TENV Induction motor v3,226.23699377769577,18.346868664892938,3590.10739769939
2024-07-31 19:32:00,TENV Induction motor v3,225.19807761289758,18.352630681964687,3566.1453553168526
2024-07-31 19:34:00,TENV Induction motor v3,225.29972149124788,16.13706816140892,3567.2872922544934
2024-07-31 19:36:00,TENV Induction motor v3,225.30539268533394,19.994106310833416,3570.025523179075
2024-07-31 19:38:00,TENV Induction motor v3,229.5386647874252,16.526303989464566,3570.5457867149044
2024-07-31 19:40:00,TENV Induction motor v3,228.6994195891455,18.961388786526367,3555.1626610332987
2024-07-31 19:42:00,TENV Induction motor v3,229.49031178606867,19.284060780497235,3575.954946966593
2024-07-31 19:44:00,TENV Induction motor v3,228.3629115564826,17.492218117220812,3554.840160963451
2024-07-31 19:46:00,TENV Induction motor v3,227.64469964515442,16.787408218661255,3594.4881067909882
2024-07-31 19:48:00,TENV Induction motor v3,226.52223182173688,16.39503954716222,3553.092239161165
2024-07-31 19:50:00,TENV Induction motor v3,229.98981125664338,18.99442402331831,3572.4847215154655
2024-07-31 19:52:00,TENV Induction motor v3,226.81094529469695,17.810614116822784,3564.2347033195215
2024-07-31 19:54:00,TENV Induction motor v3,227.35324474606955,18.854871036004543,3557.7434707827238
2024-07-31 19:56:00,TENV Induction motor v3,226.8912258746173,19.661630595407203,3589.1918345421104
2024-07-31 19:58:00,TENV Induction motor v3,229.8976346466773,16.586334944604225,3585.7466199459764
2024-07-31 20:00:00,TENV Induction motor v3,225.87329192697504,19.6766840028952,3557.2973945090757
2024-07-31 20:02:00,TENV Induction motor v3,226.6399400045404,17.646505838033747,3581.6382820553154
2024-07-31 20:04:00,TENV Induction motor v3,228.40174333007502,17.221068039589156,3589.6277583665224
2024-07-31 20:06:00,TENV Induction motor v3,225.31603809169314,19.772249042411115,3588.666611018494
2024-07-31 20:08:00,TENV Induction motor v3,228.0362468700577,19.962606770425598,3554.613979883168
2024-07-31 20:10:00,TENV Induction motor v3,227.38823251438208,16.795568871069793,3584.2756359522887
2024-07-31 20:12:00,TENV Induction motor v3,226.4199998838105,18.627353387807933,3585.801196044179
2024-07-31 20:14:00,TENV Induction motor v3,226.19206640462028,16.425981255084242,3593.1083133521015
2024-07-31 20:16:00,TENV Induction motor v3,227.5725637164938,18.603656015430023,3575.402216943249
2024-07-31 20:18:00,TENV Induction motor v3,226.8396379026852,19.3092529111034,3573.054700015168
2024-07-31 20:20:00,TENV Induction motor v3,227.28259945631328,18.73799418609627,3598.2558162459736
2024-07-31 20:22:00,TENV Induction motor v3,226.6873869088212,17.669332568250383,3589.8256127869377
2024-07-31 20:24:00,TENV Induction motor v3,229.8524684679799,17.532265438255077,3577.9365495403244
2024-07-31 20:26:00,TENV Induction motor v3,225.66719715872802,17.57248966089367,3566.530853565564
2024-07-31 20:28:00,TENV Induction motor v3,225.48401976589187,18.358847271971694,3592.2618998001753
2024-07-31 20:30:00,TENV Induction motor v3,226.71695864395457,19.526269080289982,3572.77181947322
2024-07-31 20:32:00,TENV Induction motor v3,227.95513450435246,19.71626462907507,3554.634259607908
2024-07-31 20:34:00,TENV Induction motor v3,228.29588235925013,16.21411848082927,3572.745213635672
2024-07-31 20:36:00,TENV Induction motor v3,226.9862837358402,16.726489578582754,3593.5984198075075
2024-07-31 20:38:00,TENV Induction motor v3,229.99638996961085,16.448897263313153,3572.414107344722
2024-07-31 20:40:00,TENV Induction motor v3,226.75946498096522,16.773338563067657,3550.7174573870175
2024-07-31 20:42:00,TENV Induction motor v3,228.60703333979976,17.386431242436686,3580.5742661958234
2024-07-31 20:44:00,TENV Induction motor v3,228.18791347265397,18.026126730490496,3599.79150017057
2024-07-31 20:46:00,TENV Induction motor v3,229.0652693162373,18.517844908036608,3590.8624292020254
2024-07-31 20:48:00,TENV Induction motor v3,229.8811283172691,18.928568876558806,3580.8618973309076
2024-07-31 20:50:00,TENV Induction motor v3,229.4489682822277,19.56044616554323,3595.719944339894
2024-07-31 20:52:00,TENV Induction motor v3,228.82280987178854,19.956353748919163,3590.679084082553
2024-07-31 20:54:00,TENV Induction motor v3,228.49124238909144,18.65142591422848,3574.931967637002
2024-07-31 20:56:00,TENV Induction motor v3,226.6774908483795,19.381458074671052,3579.561014270369
2024-07-31 20:58:00,TENV Induction motor v3,225.73842789103352,19.112155387698795,3586.564640460151
2024-07-31 21:00:00,TENV Induction motor v3,225.31318001529905,17.230128156874848,3592.3213081989434
2024-07-31 21:02:00,TENV Induction motor v3,226.20950852100742,19.502769080939693,3552.9088201188356
2024-07-31 21:04:00,TENV Induction motor v3,227.1614074059065,16.171052551791195,3588.7401928580575
2024-07-31 21:06:00,TENV Induction motor v3,227.6099813681499,16.001469375005833,3572.37517199891
2024-07-31 21:08:00,TENV Induction motor v3,228.86541777027435,17.094930517553856,3583.039928015077
2024-07-31 21:10:00,TENV Induction motor v3,229.79370461528296,17.848390118509798,3588.2316505479425
2024-07-31 21:12:00,TENV Induction motor v3,225.58660240192407,18.553451580002708,3576.9750962513726
2024-07-31 21:14:00,TENV Induction motor v3,225.53502070096897,16.40708106617818,3557.9257425290198
2024-07-31 21:16:00,TENV Induction motor v3,227.94847361506774,18.69204053533936,3570.4763415759135
2024-07-31 21:18:00,TENV Induction motor v3,228.72699036973646,19.20726346823878,3553.843649687619
2024-07-31 21:20:00,TENV Induction motor v3,229.24075190173494,16.741251678317468,3584.4650345577634
2024-07-31 21:22:00,TENV Induction motor v3,229.67916040108395,17.660501019327175,3597.685309098154
2024-07-31 21:24:00,TENV Induction motor v3,229.9171312113032,18.079939959813238,3589.7626406112095
2024-07-31 21:26:00,TENV Induction motor v3,226.99900846112263,17.80722807233792,3569.489321139356
2024-07-31 21:28:00,TENV Induction motor v3,226.90167591763787,19.199319723553884,3579.214574800275
2024-07-31 21:30:00,TENV Induction motor v3,225.73904338348638,19.842089592477322,3565.2100337923434
2024-07-31 21:32:00,TENV Induction motor v3,228.4246721934178,19.19581265603272,3577.052279977748
2024-07-31 21:34:00,TENV Induction motor v3,228.28380979220418,16.3119712715033,3565.036345289232
2024-07-31 21:36:00,TENV Induction motor v3,229.31031297925603,19.21974228863651,3586.9162378399305
2024-07-31 21:38:00,TENV Induction motor v3,225.4862899739382,16.266385328942206,3562.9670753993514
2024-07-31 21:40:00,TENV Induction motor v3,227.4888845391267,16.94388154096628,3598.201019521695
2024-07-31 21:42:00,TENV Induction motor v3,227.90540964836032,16.61238758734289,3583.0974366086766
2024-07-31 21:44:00,TENV Induction motor v3,226.2077852001996,16.790076427384342,3553.438892384192
2024-07-31 21:46:00,TENV Induction motor v3,225.8451270306458,18.113260508229402,3550.5388881752847
2024-07-31 21:48:00,TENV Induction motor v3,229.2979041820981,18.686759430443416,3599.852317210255
2024-07-31 21:50:00,TENV Induction motor v3,225.2926746111778,17.881285129344164,3561.02527891079
2024-07-31 21:52:00,TENV Induction motor v3,227.35310451959037,19.838782556116975,3565.628137422859
2024-07-31 21:54:00,TENV Induction motor v3,225.57917000650443,16.961169280120668,3560.4207007101054
2024-07-31 21:56:00,TENV Induction motor v3,227.28529380665682,19.05256092101917,3596.405088623559
2024-07-31 21:58:00,TENV Induction motor v3,229.89981163171154,19.480728714028594,3582.6006429834306
2024-07-31 22:00:00,TENV Induction motor v3,227.11853176727737,18.248264443018876,3575.2193161778055
2024-07-31 22:02:00,TENV Induction motor v3,229.28562458752285,17.824890007846214,3577.8825407246286
2024-07-31 22:04:00,TENV Induction motor v3,225.58657782091598,18.384737787116975,3565.8936423649593
2024-07-31 22:06:00,TENV Induction motor v3,226.3562603838093,17.71523908064137,3580.7087501181923
2024-07-31 22:08:00,TENV Induction motor v3,227.01896370333668,18.220775529293476,3570.9800181727464
2024-07-31 22:10:00,TENV Induction motor v3,226.99906070004664,17.667735808515207,3559.9614073212088
2024-07-31 22:12:00,TENV Induction motor v3,228.35691739335076,17.601878841176536,3582.830254985494
2024-07-31 22:14:00,TENV Induction motor v3,226.72359063687753,18.78138587255812,3568.6920284629605
2024-07-31 22:16:00,TENV Induction motor v3,228.56883434205008,16.371404852271873,3589.253318955858
2024-07-31 22:18:00,TENV Induction motor v3,228.19593449612697,16.666168290915284,3570.7697478754762
2024-07-31 22:20:00,TENV Induction motor v3,226.99580572627386,19.404793886860016,3575.41356875231
2024-07-31 22:22:00,TENV Induction motor v3,227.1588006382716,19.084309387260753,3589.3733239590447
2024-07-31 22:24:00,TENV Induction motor v3,228.0726384990516,17.125814909177574,3572.3939046459864
2024-07-31 22:26:00,TENV Induction motor v3,225.3502109507232,17.509075730663042,3598.311056756208
2024-07-31 22:28:00,TENV Induction motor v3,229.11203369177846,19.704106026513923,3589.6514333597556
2024-07-31 22:30:00,TENV Induction motor v3,228.26710580556818,19.272308900695446,3591.321520265749
2024-07-31 22:32:00,TENV Induction motor v3,228.6317123220892,18.457385199918523,3597.6960233351865
2024-07-31 22:34:00,TENV Induction motor v3,227.68461500541196,16.88596071521183,3569.4425314421605
2024-07-31 22:36:00,TENV Induction motor v3,225.55238555495873,16.177007885261077,3579.0040132091085
2024-07-31 22:38:00,TENV Induction motor v3,227.02517806648476,17.725031387367594,3584.67958703978
2024-07-31 22:40:00,TENV Induction motor v3,227.02686791424279,18.690508557029847,3583.6729241770317
2024-07-31 22:42:00,TENV Induction motor v3,226.6052149502161,19.313921962071404,3597.646839728051
2024-07-31 22:44:00,TENV Induction motor v3,225.14975162452376,19.41075602296908,3564.4174316939166
2024-07-31 22:46:00,TENV Induction motor v3,228.68627121298238,16.131103605173454,3564.5680764312997
2024-07-31 22:48:00,TENV Induction motor v3,225.5489222903125,16.976628135347518,3595.9002201019575
2024-07-31 22:50:00,TENV Induction motor v3,228.03154066522544,17.356378353909612,3589.965282086328
2024-07-31 22:52:00,TENV Induction motor v3,228.51608748233608,16.754928843837543,3560.16783120348
2024-07-31 22:54:00,TENV Induction motor v3,228.17393161466848,19.211901513455352,3578.5023439046386
2024-07-31 22:56:00,TENV Induction motor v3,229.79571125988988,19.06986305233977,3587.2881867048163
2024-07-31 22:58:00,TENV Induction motor v3,225.5164907754257,18.067332161523883,3567.6518195223753
2024-07-31 23:00:00,TENV Induction motor v3,229.335835795526,19.93170591198342,3571.7191125610693
2024-07-31 23:02:00,TENV Induction motor v3,225.14595117424457,16.57623416436337,3578.7698305830445
2024-07-31 23:04:00,TENV Induction motor v3,227.6745842746354,19.598606813310674,3573.3554278774104
2024-07-31 23:06:00,TENV Induction motor v3,227.0212180896963,16.465853016647664,3587.6521195034516
2024-07-31 23:08:00,TENV Induction motor v3,227.6209193019688,16.652726822056483,3550.2969376841534
2024-07-31 23:10:00,TENV Induction motor v3,226.82549938530005,18.784876801002476,3571.7316262195527
2024-07-31 23:12:00,TENV Induction motor v3,225.95283457470035,16.438278768166757,3566.8790687664437
2024-07-31 23:14:00,TENV Induction motor v3,225.09561448724344,18.263380381674843,3580.4582026414914
2024-07-31 23:16:00,TENV Induction motor v3,227.59074906895586,17.680934145890614,3588.797922094068
2024-07-31 23:18:00,TENV Induction motor v3,229.21388431342422,18.91389586216406,3553.8072581100764
2024-07-31 23:20:00,TENV Induction motor v3,226.86607977872396,19.60270095523546,3557.9029866800597
2024-07-31 23:22:00,TENV Induction motor v3,226.1143190900749,19.07948605867622,3583.2540812071015
2024-07-31 23:24:00,TENV Induction motor v3,225.4026600173592,19.398759505684755,3586.9201220507707
2024-07-31 23:26:00,TENV Induction motor v3,225.42655461559352,16.13178179412493,3579.410088853942
2024-07-31 23:28:00,TENV Induction motor v3,226.10698223146386,17.240781992976814,3599.1401674483964
2024-07-31 23:30:00,TENV Induction motor v3,225.5000703046078,18.06173234674533,3574.9730744553285
2024-07-31 23:32:00,TENV Induction motor v3,226.32519849182242,17.663813258519117,3556.814616754882
2024-07-31 23:34:00,TENV Induction motor v3,225.33074731058477,16.925019811918755,3584.314553018554
2024-07-31 23:36:00,TENV Induction motor v3,225.32802433604962,17.231496391840093,3580.10377610974
2024-07-31 23:38:00,TENV Induction motor v3,229.28138089811392,19.78172388156642,3579.521073751513
2024-07-31 23:40:00,TENV Induction motor v3,225.81060130354416,17.176723519485407,3577.2926817623197
2024-07-31 23:42:00,TENV Induction motor v3,227.79841202911723,17.41561644071914,3596.954785477477
2024-07-31 23:44:00,TENV Induction motor v3,228.86727772224515,16.014839095000074,3556.457819841328
2024-07-31 23:46:00,TENV Induction motor v3,227.28204782669533,19.3803105091115,3553.6598649262487
2024-07-31 23:48:00,TENV Induction motor v3,225.76684438929672,16.61936281360631,3557.705858468866
2024-07-31 23:50:00,TENV Induction motor v3,225.99798071060056,16.816577102054904,3562.2495104952477
2024-07-31 23:52:00,TENV Induction motor v3,227.1649210314059,17.021058068368102,3579.6473159718234
2024-07-31 23:54:00,TENV Induction motor v3,227.64117044589267,19.53848822737937,3580.6212624548366
2024-07-31 23:56:00,TENV Induction motor v3,226.74720146024268,16.82580564498526,3561.630093872854
2024-07-31 23:58:00,TENV Induction motor v3,228.9073980011733,19.190105443471758,3574.461274965547
2024-08-01 00:00:00,TENV Induction motor v3,228.75510824428198,19.232197361291618,3574.103092638387
2024-08-01 00:02:00,TENV Induction motor v3,229.6360590368656,19.708082275145582,3572.6555383142613
2024-08-01 00:04:00,TENV Induction motor v3,225.1447627451348,16.462245254401257,3590.177264745633
2024-08-01 00:06:00,TENV Induction motor v3,229.47845645605102,16.869115889351324,3573.5846534937814
2024-08-01 00:08:00,TENV Induction motor v3,226.96284394231077,18.971593168322887,3587.9182747978084
2024-08-01 00:10:00,TENV Induction motor v3,229.39186247689997,16.784003017122956,3558.3240565902397
2024-08-01 00:12:00,TENV Induction motor v3,228.45392388078264,17.145318187493796,3576.598367203658
2024-08-01 00:14:00,TENV Induction motor v3,229.93674378536983,16.66696632044545,3591.20523880316
2024-08-01 00:16:00,TENV Induction motor v3,228.79641225858333,16.690786744620198,3558.8858291958127
2024-08-01 00:18:00,TENV Induction motor v3,226.82272312998393,17.926213418512823,3573.246108434883
2024-08-01 00:20:00,TENV Induction motor v3,227.50531586417375,16.438732248451835,3580.4539658017857
2024-08-01 00:22:00,TENV Induction motor v3,226.88194577597176,17.286790473854488,3559.238728741864
2024-08-01 00:24:00,TENV Induction motor v3,226.82455918010618,17.706375638395517,3587.8382802955703
2024-08-01 00:26:00,TENV Induction motor v3,226.3045224969053,16.09819246609591,3553.949812389816
2024-08-01 00:28:00,TENV Induction motor v3,227.47985147686734,17.55333266589781,3597.320775445386
2024-08-01 00:30:00,TENV Induction motor v3,228.4086997253468,16.376489744342067,3573.4110747109066
2024-08-01 00:32:00,TENV Induction motor v3,226.38670135652623,17.97431412458471,3566.806154318274
2024-08-01 00:34:00,TENV Induction motor v3,227.6218990553861,19.302952754228386,3555.840350358132
2024-08-01 00:36:00,TENV Induction motor v3,225.58690147085278,19.27368864872715,3571.629832153393
2024-08-01 00:38:00,TENV Induction motor v3,225.79922643427096,16.321794062149603,3582.9902014695385
2024-08-01 00:40:00,TENV Induction motor v3,225.23403177356096,18.40491103069808,3554.7243639571193
2024-08-01 00:42:00,TENV Induction motor v3,229.85365721385315,19.338345527884947,3565.3134547583873
2024-08-01 00:44:00,TENV Induction motor v3,225.01930175755132,16.95189017173854,3591.8008791386355
2024-08-01 00:46:00,TENV Induction motor v3,225.8928998402883,19.047706045798396,3582.3090512799163
2024-08-01 00:48:00,TENV Induction motor v3,228.06433376558496,19.563057385800374,3560.318650592881
2024-08-01 00:50:00,TENV Induction motor v3,225.4068479942665,19.224496605761775,3558.0454897896543
2024-08-01 00:52:00,TENV Induction motor v3,229.40948251548417,16.429204126062018,3595.224251310045
2024-08-01 00:54:00,TENV Induction motor v3,228.59810078921143,16.03623999808954,3564.351011067049
2024-08-01 00:56:00,TENV Induction motor v3,229.83194985718947,16.766896439687383,3558.9750084449315
2024-08-01 00:58:00,TENV Induction motor v3,227.53817773620383,17.081909363786494,3599.9982009271303
2024-08-01 01:00:00,TENV Induction motor v3,226.50201841579243,18.464731962463837,3565.459591388895
2024-08-01 01:02:00,TENV Induction motor v3,227.74750286397637,17.537092700969275,3556.2370093904683
2024-08-01 01:04:00,TENV Induction motor v3,229.65409358648986,18.813628122645895,3573.0878814876473
2024-08-01 01:06:00,TENV Induction motor v3,227.6038071862093,17.412299842086433,3571.717255509924
2024-08-01 01:08:00,TENV Induction motor v3,226.3360351593116,16.6177016986184,3596.3401237915164
2024-08-01 01:10:00,TENV Induction motor v3,229.38699394587059,17.250759373944142,3556.710247373815
2024-08-01 01:12:00,TENV Induction motor v3,226.8595937425623,19.53729690555654,3554.5568203064654
2024-08-01 01:14:00,TENV Induction motor v3,225.00691674999499,19.834129376980258,3554.648933545334
2024-08-01 01:16:00,TENV Induction motor v3,226.23842511246158,16.830050936269473,3595.2143732911118
2024-08-01 01:18:00,TENV Induction motor v3,226.5911675458853,19.153873548097764,3572.468458898054
2024-08-01 01:20:00,TENV Induction motor v3,229.29388734115952,17.09339494615948,3557.530326407761
2024-08-01 01:22:00,TENV Induction motor v3,227.29251583533224,19.54852617372563,3579.6915049189647
2024-08-01 01:24:00,TENV Induction motor v3,227.2229364390565,16.66218245118502,3576.8811677825415
2024-08-01 01:26:00,TENV Induction motor v3,226.68051133199944,18.663839674776227,3559.9203373874448
2024-08-01 01:28:00,TENV Induction motor v3,229.4033906152354,16.33684505885273,3580.1519069713186
2024-08-01 01:30:00,TENV Induction motor v3,229.72513388470196,19.895573295895478,3567.011561715847
2024-08-01 01:32:00,TENV Induction motor v3,229.95945164577316,18.80253337856217,3561.9185383865433
2024-08-01 01:34:00,TENV Induction motor v3,226.88370633480494,19.36726295762034,3575.5200305449516
2024-08-01 01:36:00,TENV Induction motor v3,229.83073722813586,18.26667735745214,3564.5824630758193
2024-08-01 01:38:00,TENV Induction motor v3,228.9593978481545,17.90720545571544,3561.1069960880604
2024-08-01 01:40:00,TENV Induction motor v3,228.37844573822133,18.48752956557746,3593.986120414984
2024-08-01 01:42:00,TENV Induction motor v3,226.2244473971005,18.114966046797793,3557.788128828671
2024-08-01 01:44:00,TENV Induction motor v3,226.08228630472104,17.877537420580612,3564.0294988642418
2024-08-01 01:46:00,TENV Induction motor v3,225.83023912260623,19.03780100583057,3569.3069189924913
2024-08-01 01:48:00,TENV Induction motor v3,229.61378305112683,16.712803819757074,3563.681915515001
2024-08-01 01:50:00,TENV Induction motor v3,226.47038331191584,16.684688192620634,3560.5355321288885
2024-08-01 01:52:00,TENV Induction motor v3,227.2654712272444,17.727370602598825,3588.5573048527294
2024-08-01 01:54:00,TENV Induction motor v3,227.46978916993612,17.282991664179782,3566.450807936179
2024-08-01 01:56:00,TENV Induction motor v3,228.89085797725127,16.296498071652096,3555.625647884967
2024-08-01 01:58:00,TENV Induction motor v3,229.22117480776512,19.377881969674938,3577.044758122835
2024-08-01 02:00:00,TENV Induction motor v3,225.69536350574307,19.0864112267774,3556.2744248618205
2024-08-01 02:02:00,TENV Induction motor v3,227.13452180105537,18.17568599921194,3567.8759803720463
2024-08-01 02:04:00,TENV Induction motor v3,229.21427443917727,19.917298149057476,3594.0913381136143
2024-08-01 02:06:00,TENV Induction motor v3,229.09016652877918,16.29040026619042,3568.458059755311
2024-08-01 02:08:00,TENV Induction motor v3,225.51206879226208,19.0666772041115,3581.6254487144124
2024-08-01 02:10:00,TENV Induction motor v3,225.7819167443398,17.065481566436386,3575.7312768004317
2024-08-01 02:12:00,TENV Induction motor v3,226.52099345799704,17.4743956797743,3556.8862422888988
2024-08-01 02:14:00,TENV Induction motor v3,225.3767953454167,16.87711754081227,3582.4534798895415
2024-08-01 02:16:00,TENV Induction motor v3,227.12331501420297,19.15615156584746,3592.80174984669
2024-08-01 02:18:00,TENV Induction motor v3,225.53808852574792,16.576960408086265,3554.660623702267
2024-08-01 02:20:00,TENV Induction motor v3,227.84108796834923,19.36006679094111,3587.6840044564897
2024-08-01 02:22:00,TENV Induction motor v3,226.23278469905577,18.646310592919335,3584.510564075949
2024-08-01 02:24:00,TENV Induction motor v3,227.98216532674812,16.23609298107646,3593.3330287498575
2024-08-01 02:26:00,TENV Induction motor v3,225.5876282145182,19.243926926400615,3555.2045966066735
2024-08-01 02:28:00,TENV Induction motor v3,229.87941934209266,18.511022864651917,3565.2847689698337
2024-08-01 02:30:00,TENV Induction motor v3,229.6628060192867,19.619929278313364,3584.7145743613187
2024-08-01 02:32:00,TENV Induction motor v3,226.95898469282332,18.99488922563455,3551.1008989443326
2024-08-01 02:34:00,TENV Induction motor v3,226.21089297063043,18.2444837097191,3586.7037838865244
2024-08-01 02:36:00,TENV Induction motor v3,226.25199106426786,19.34618872247679,3592.898928950056
2024-08-01 02:38:00,TENV Induction motor v3,227.41696767601195,17.112200953204887,3572.665202618838
2024-08-01 02:40:00,TENV Induction motor v3,225.1999640095036,18.187800247378256,3571.7164951713326
2024-08-01 02:42:00,TENV Induction motor v3,228.19852553037563,17.17446727921364,3563.923448103468
2024-08-01 02:44:00,TENV Induction motor v3,227.04151454169872,19.872817564362034,3550.2525935002545
2024-08-01 02:46:00,TENV Induction motor v3,226.88703286294444,16.904785203368025,3559.315175833318
2024-08-01 02:48:00,TENV Induction motor v3,229.04682485744598,16.06295295868185,3598.9932059211187
2024-08-01 02:50:00,TENV Induction motor v3,228.54517730091646,17.303419368015184,3593.3643038560676
2024-08-01 02:52:00,TENV Induction motor v3,229.77166907696346,18.010037587879218,3563.325231937446
2024-08-01 02:54:00,TENV Induction motor v3,226.75968120247845,16.1134517369203,3598.1874428560523
2024-08-01 02:56:00,TENV Induction motor v3,229.48771382324702,18.23699320013563,3568.3856307976644
2024-08-01 02:58:00,TENV Induction motor v3,228.84983593125045,19.49713109980492,3564.879268737559
2024-08-01 03:00:00,TENV Induction motor v3,226.78712325797358,18.81892877766668,3557.640381772494
2024-08-01 03:02:00,TENV Induction motor v3,228.1083271822663,18.491873291913215,3595.0805534755336
2024-08-01 03:04:00,TENV Induction motor v3,226.44284978825848,19.823847002833006,3599.349624553343
2024-08-01 03:06:00,TENV Induction motor v3,229.37199958537423,19.833117335368424,3566.370570202634
2024-08-01 03:08:00,TENV Induction motor v3,225.56213658606157,19.297065878812916,3585.171521167921
2024-08-01 03:10:00,TENV Induction motor v3,226.06217180647022,18.430967389543405,3566.765170490478
2024-08-01 03:12:00,TENV Induction motor v3,225.9151664603996,17.95105823799083,3555.249536965273
2024-08-01 03:14:00,TENV Induction motor v3,227.01513001202144,16.053264452985868,3569.6346153441164
2024-08-01 03:16:00,TENV Induction motor v3,228.72616480016063,18.425047624906167,3577.578498038059
2024-08-01 03:18:00,TENV Induction motor v3,227.6345372452609,19.956352301427415,3556.150837958825
2024-08-01 03:20:00,TENV Induction motor v3,227.43838161769105,19.272404200096116,3590.913638739488
2024-08-01 03:22:00,TENV Induction motor v3,225.002729824485,17.362418575537408,3574.8681558446647
2024-08-01 03:24:00,TENV Induction motor v3,227.12700862677528,16.60818810017769,3561.7191476252287
2024-08-01 03:26:00,TENV Induction motor v3,225.31776887418079,19.136234457868618,3579.6379789271473
2024-08-01 03:28:00,TENV Induction motor v3,226.04126626060742,18.975751282526964,3589.6629653027203
2024-08-01 03:30:00,TENV Induction motor v3,229.66196969480248,19.86818716791729,3566.381217452599
2024-08-01 03:32:00,TENV Induction motor v3,226.0769910217162,19.499369447757356,3585.0738162200296
2024-08-01 03:34:00,TENV Induction motor v3,229.29168819317132,18.22265050108963,3571.3929589990344
2024-08-01 03:36:00,TENV Induction motor v3,229.01446685780667,16.405136987858967,3598.20255844228
2024-08-01 03:38:00,TENV Induction motor v3,225.7957311847112,17.93400263353584,3588.5470043301366
2024-08-01 03:40:00,TENV Induction motor v3,228.0285597863514,17.25478021608927,3567.817545126101
2024-08-01 03:42:00,TENV Induction motor v3,225.57830935952506,18.04963392809936,3550.887397953088
2024-08-01 03:44:00,TENV Induction motor v3,228.63944079184756,17.20680629855861,3582.8759947690214
2024-08-01 03:46:00,TENV Induction motor v3,228.18731138686104,19.447291967902384,3559.8936079292425
2024-08-01 03:48:00,TENV Induction motor v3,229.0596928084551,19.377308055931287,3556.0939587824564
2024-08-01 03:50:00,TENV Induction motor v3,227.39692274694593,17.261860628668224,3596.5888225698395
2024-08-01 03:52:00,TENV Induction motor v3,229.57431543916692,18.39832538549598,3599.997448510746
2024-08-01 03:54:00,TENV Induction motor v3,225.2467447339422,17.720723430556216,3563.494441028219
2024-08-01 03:56:00,TENV Induction motor v3,226.46444282513508,19.636371028114254,3565.088427608297
2024-08-01 03:58:00,TENV Induction motor v3,228.57526298732583,16.74944360570529,3558.2494469619082
2024-08-01 04:00:00,TENV Induction motor v3,227.09054605874002,18.79091360713984,3572.884238796481
2024-08-01 04:02:00,TENV Induction motor v3,225.8647567713558,19.881501311348867,3593.292187991787
2024-08-01 04:04:00,TENV Induction motor v3,225.53605372714273,16.70110207825236,3585.075297606244
2024-08-01 04:06:00,TENV Induction motor v3,229.0866955573081,16.807865713696813,3592.3165779038295
2024-08-01 04:08:00,TENV Induction motor v3,227.3657148923282,18.774893354688913,3561.424082783679
2024-08-01 04:10:00,TENV Induction motor v3,229.41141835959553,19.116615698099658,3586.522803370424
2024-08-01 04:12:00,TENV Induction motor v3,228.66644567158363,17.96219621917573,3595.926331419803
2024-08-01 04:14:00,TENV Induction motor v3,227.04863102815372,18.438745860588487,3564.0708057107195
2024-08-01 04:16:00,TENV Induction motor v3,226.86755507077842,16.850729635247315,3584.5326771795594
2024-08-01 04:18:00,TENV Induction motor v3,227.57819173325626,17.906456914269306,3570.0328705844927
2024-08-01 04:20:00,TENV Induction motor v3,229.44529976594865,16.448287523499662,3564.511332257946
2024-08-01 04:22:00,TENV Induction motor v3,228.68639289857083,17.28568770110266,3598.4811734377176
2024-08-01 04:24:00,TENV Induction motor v3,225.02576482134512,17.139118820123816,3567.4316614984145
2024-08-01 04:26:00,TENV Induction motor v3,228.47078925684562,17.77850144040968,3555.3924840630343
2024-08-01 04:28:00,TENV Induction motor v3,229.5975370345291,19.720505448974787,3569.4294604810166
2024-08-01 04:30:00,TENV Induction motor v3,228.55227879752246,16.72507064859137,3572.383914547999
2024-08-01 04:32:00,TENV Induction motor v3,225.88502890783747,17.605552986498882,3587.610541274962
2024-08-01 04:34:00,TENV Induction motor v3,227.4175906371373,18.462388876438578,3597.49571334735
2024-08-01 04:36:00,TENV Induction motor v3,225.7015800896171,19.786228344296006,3590.8528491897105
2024-08-01 04:38:00,TENV Induction motor v3,226.79497639169816,16.532592766143072,3596.5470655627555
2024-08-01 04:40:00,TENV Induction motor v3,229.6855852097026,19.671506467972453,3573.7530064987463
2024-08-01 04:42:00,TENV Induction motor v3,229.61652653779353,16.324215154536247,3585.965828411822
2024-08-01 04:44:00,TENV Induction motor v3,226.4141842608804,17.92296558864106,3565.45247925062
2024-08-01 04:46:00,TENV Induction motor v3,226.69815522083098,17.81835946892193,3553.479355425951
2024-08-01 04:48:00,TENV Induction motor v3,228.00106434065646,16.83841091550878,3568.2736762663
2024-08-01 04:50:00,TENV Induction motor v3,229.8159864763019,17.38983867246339,3584.895761416415
2024-08-01 04:52:00,TENV Induction motor v3,225.73900667032694,17.816661073393593,3563.7311055124023
2024-08-01 04:54:00,TENV Induction motor v3,226.28458321843334,19.460845851642517,3593.070294782076
2024-08-01 04:56:00,TENV Induction motor v3,229.36778413645385,19.820256581494238,3589.538642499145
2024-08-01 04:58:00,TENV Induction motor v3,227.45946115854173,18.07570271454866,3559.7021274592303
2024-08-01 05:00:00,TENV Induction motor v3,229.49480546113517,19.480399161177687,3566.5418381245404
2024-08-01 05:02:00,TENV Induction motor v3,225.92758948761588,18.432686342707118,3591.265130877455
2024-08-01 05:04:00,TENV Induction motor v3,227.66334293735682,17.3963493679507,3562.196889475565
2024-08-01 05:06:00,TENV Induction motor v3,226.63134816324686,16.776776830453876,3566.5801072833565
2024-08-01 05:08:00,TENV Induction motor v3,226.58271279946237,17.65253908713106,3567.1533466211545
2024-08-01 05:10:00,TENV Induction motor v3,227.234384819731,18.09129713169539,3590.0521013912885
2024-08-01 05:12:00,TENV Induction motor v3,227.16538724550634,16.177773553038225,3551.851513280251
2024-08-01 05:14:00,TENV Induction motor v3,226.78673439838977,16.5833646634834,3553.689349156071
2024-08-01 05:16:00,TENV Induction motor v3,229.5748538515781,18.40073769592576,3578.922577408147
2024-08-01 05:18:00,TENV Induction motor v3,228.65872092716447,16.90000637870865,3569.855599549803
2024-08-01 05:20:00,TENV Induction motor v3,228.63773495665765,19.34930550432519,3581.6442659805352
2024-08-01 05:22:00,TENV Induction motor v3,226.44956724795978,17.307768999096762,3563.323063808969
2024-08-01 05:24:00,TENV Induction motor v3,227.8885471215842,16.419336829013005,3595.479133874078
2024-08-01 05:26:00,TENV Induction motor v3,228.89589716650917,16.334122354221268,3588.047094358723
2024-08-01 05:28:00,TENV Induction motor v3,228.97795184271607,19.748492082127118,3553.38731102752
2024-08-01 05:30:00,TENV Induction motor v3,226.72265230377155,16.472081244967516,3589.1952738642517
2024-08-01 05:32:00,TENV Induction motor v3,228.85436378284325,16.563639056648242,3598.4791186156126
2024-08-01 05:34:00,TENV Induction motor v3,228.67946948403866,19.45066423173101,3597.121781029374
2024-08-01 05:36:00,TENV Induction motor v3,225.7075324281095,17.017152521109377,3586.774189901272
2024-08-01 05:38:00,TENV Induction motor v3,229.3297273428324,18.663805643017664,3556.179687674061
2024-08-01 05:40:00,TENV Induction motor v3,227.20660735090206,19.266902748119566,3578.8038382920226
2024-08-01 05:42:00,TENV Induction motor v3,227.43205224444333,18.428722560520768,3564.2116364420244
2024-08-01 05:44:00,TENV Induction motor v3,227.24184589448998,19.829954173791396,3598.510647181812
2024-08-01 05:46:00,TENV Induction motor v3,227.83923000738753,18.835531597043364,3585.8742862680806
2024-08-01 05:48:00,TENV Induction motor v3,228.10584623683528,16.451006039614633,3580.538279489371
2024-08-01 05:50:00,TENV Induction motor v3,227.49089782881472,18.23364010618352,3584.7544021302365
2024-08-01 05:52:00,TENV Induction motor v3,229.33394271629547,18.872746104356736,3571.898956455484
2024-08-01 05:54:00,TENV Induction motor v3,228.13867378097643,19.20782896149378,3568.6368375718803
2024-08-01 05:56:00,TENV Induction motor v3,227.0071397465276,16.105285341136366,3596.789978971998
2024-08-01 05:58:00,TENV Induction motor v3,227.08345878454355,18.875515661085696,3566.5963567396343
2024-08-01 06:00:00,TENV Induction motor v3,229.05419307564475,19.3027232840778,3552.071806586636
2024-08-01 06:02:00,TENV Induction motor v3,226.7409597137326,18.987335243741427,3570.042007707723
2024-08-01 06:04:00,TENV Induction motor v3,226.05727397891206,18.049396582622393,3589.5170176310835
2024-08-01 06:06:00,TENV Induction motor v3,225.29691594002895,17.83208385235521,3582.423417902446
2024-08-01 06:08:00,TENV Induction motor v3,229.38013423960288,18.197674333199263,3598.1085387738935
2024-08-01 06:10:00,TENV Induction motor v3,229.59273225595174,18.818574795306407,3555.310093380957
2024-08-01 06:12:00,TENV Induction motor v3,225.60060091081738,19.691657162529943,3595.577315111469
2024-08-01 06:14:00,TENV Induction motor v3,226.6723687074806,18.4681408425645,3568.4424596957033
2024-08-01 06:16:00,TENV Induction motor v3,225.8768603475762,19.551337225133878,3573.7001292710956
2024-08-01 06:18:00,TENV Induction motor v3,225.5794923441294,18.80502738978291,3571.424107724462
2024-08-01 06:20:00,TENV Induction motor v3,229.49933371500015,16.27334550975539,3555.822614054622
2024-08-01 06:22:00,TENV Induction motor v3,225.2843862957268,18.003312760006487,3562.3898227862596
2024-08-01 06:24:00,TENV Induction motor v3,229.90242831734503,17.14594539326097,3587.1135784614894
2024-08-01 06:26:00,TENV Induction motor v3,225.4822543034869,17.14069971253029,3551.1503770922845
2024-08-01 06:28:00,TENV Induction motor v3,229.31735324596792,17.423710204863937,3556.694388719314
2024-08-01 06:30:00,TENV Induction motor v3,227.83253053494582,17.2589310880019,3551.2605084395677
2024-08-01 06:32:00,TENV Induction motor v3,226.83958743908937,18.314439920468402,3592.8694028661776
2024-08-01 06:34:00,TENV Induction motor v3,226.7117118831258,18.73440600141423,3580.866241389089
2024-08-01 06:36:00,TENV Induction motor v3,228.78682071618854,17.074997548306943,3558.4964331059277
2024-08-01 06:38:00,TENV Induction motor v3,226.57286647502144,16.519050490273525,3588.438611152688
2024-08-01 06:40:00,TENV Induction motor v3,228.2865945830857,16.23523488373785,3598.340029872578
2024-08-01 06:42:00,TENV Induction motor v3,227.5866304175804,18.303011380122207,3596.728018726501
2024-08-01 06:44:00,TENV Induction motor v3,227.42482822579035,16.74452066533201,3596.0773773906085
2024-08-01 06:46:00,TENV Induction motor v3,229.5058108532458,16.036991976894797,3550.390510770287
2024-08-01 06:48:00,TENV Induction motor v3,227.7732252931013,19.711012317294816,3579.4506744492637
2024-08-01 06:50:00,TENV Induction motor v3,229.13430801524348,18.148561676332964,3562.8316308319513
2024-08-01 06:52:00,TENV Induction motor v3,228.62786767050744,16.369792720987892,3578.232360715493
2024-08-01 06:54:00,TENV Induction motor v3,225.19278623029498,19.371684448509942,3565.9015144580276
2024-08-01 06:56:00,TENV Induction motor v3,228.8655502625271,19.932810953160473,3557.683327138631
2024-08-01 06:58:00,TENV Induction motor v3,226.0843512504552,17.794402648070868,3572.2246861679173
2024-08-01 07:00:00,TENV Induction motor v3,229.51574823425787,16.169958432952633,3574.7548163588185
2024-08-01 07:02:00,TENV Induction motor v3,225.21462095304415,16.470183763024252,3599.4882753423813
2024-08-01 07:04:00,TENV Induction motor v3,226.6653601723716,17.526614986581727,3552.119394206927
2024-08-01 07:06:00,TENV Induction motor v3,225.49866473617377,19.542090549795507,3565.057759944864
2024-08-01 07:08:00,TENV Induction motor v3,227.37794558542421,16.592154717111047,3592.5946922544163
2024-08-01 07:10:00,TENV Induction motor v3,229.10011217934877,19.295960376010783,3582.984774906302
2024-08-01 07:12:00,TENV Induction motor v3,226.49093679831532,16.059905040876078,3591.334151592295
2024-08-01 07:14:00,TENV Induction motor v3,225.75467448655522,17.829554795143245,3583.014545927989
2024-08-01 07:16:00,TENV Induction motor v3,226.6513351784845,18.577588563802273,3587.9768154573067
2024-08-01 07:18:00,TENV Induction motor v3,229.06940070960317,16.241517928102386,3574.646087499853
2024-08-01 07:20:00,TENV Induction motor v3,225.70191978899675,18.459051002465948,3560.24388464488
2024-08-01 07:22:00,TENV Induction motor v3,226.13681224538752,19.777616485878223,3590.50019304186
2024-08-01 07:24:00,TENV Induction motor v3,225.34425982246688,16.64103968054638,3578.3910327331982
2024-08-01 07:26:00,TENV Induction motor v3,228.52855021994804,18.918445532141412,3556.9752596893413
2024-08-01 07:28:00,TENV Induction motor v3,226.97616621768168,18.436375591774173,3590.2447013435435
2024-08-01 07:30:00,TENV Induction motor v3,226.55419988571657,16.740465555516924,3597.929295518129
2024-08-01 07:32:00,TENV Induction motor v3,228.59313195170577,16.024813658837463,3567.3081936314234
2024-08-01 07:34:00,TENV Induction motor v3,226.67988771170127,16.037137802023707,3564.6756126043224
2024-08-01 07:36:00,TENV Induction motor v3,228.63885636607208,18.128369636688113,3554.088758910378
2024-08-01 07:38:00,TENV Induction motor v3,229.07599697657156,19.771117638244775,3583.224561322471
2024-08-01 07:40:00,TENV Induction motor v3,226.08831421728868,18.57719450986245,3597.948080924825
2024-08-01 07:42:00,TENV Induction motor v3,229.86909348422992,18.857199385174976,3556.7996344995804
2024-08-01 07:44:00,TENV Induction motor v3,225.81178973956332,17.97546194768215,3574.2579815659656
2024-08-01 07:46:00,TENV Induction motor v3,226.4542045332837,18.32755577053828,3554.9119092326623
2024-08-01 07:48:00,TENV Induction motor v3,225.8989764541677,16.505470101322413,3551.7054951854907
2024-08-01 07:50:00,TENV Induction motor v3,226.72752828178167,19.507282481602523,3583.225052533382
2024-08-01 07:52:00,TENV Induction motor v3,227.4003044391038,19.043170514667207,3593.384358767175
2024-08-01 07:54:00,TENV Induction motor v3,227.6108793450106,19.99279581137844,3566.8785268063016
2024-08-01 07:56:00,TENV Induction motor v3,229.26803021148135,17.190891790222487,3593.788258720505
2024-08-01 07:58:00,TENV Induction motor v3,229.44723954407934,16.908071087184233,3555.8526549575517
2024-08-01 08:00:00,TENV Induction motor v3,226.10051930390452,16.50064663184537,3561.8980340958738
2024-08-01 08:02:00,TENV Induction motor v3,228.11447016092876,19.85683902646418,3595.080336345336
2024-08-01 08:04:00,TENV Induction motor v3,225.5574802864936,19.123540738512094,3575.4254946845335
2024-08-01 08:06:00,TENV Induction motor v3,227.29484930091033,16.665298454878556,3580.409619189851
2024-08-01 08:08:00,TENV Induction motor v3,226.61166769023308,18.210745884432857,3551.9009116271254
2024-08-01 08:10:00,TENV Induction motor v3,226.58250372726803,17.655072832269106,3556.4194955073945
2024-08-01 08:12:00,TENV Induction motor v3,227.4129212085605,16.605944031224773,3552.7895406250427
2024-08-01 08:14:00,TENV Induction motor v3,228.64913817764634,16.64829194011986,3595.2500369974837
2024-08-01 08:16:00,TENV Induction motor v3,225.34591329396196,19.853879978980743,3556.7397481935473
2024-08-01 08:18:00,TENV Induction motor v3,229.39586668843702,17.219856731830887,3592.483641330438
2024-08-01 08:20:00,TENV Induction motor v3,228.6740688731528,19.765757166735774,3567.5517349686224
2024-08-01 08:22:00,TENV Induction motor v3,225.8824969444453,16.30244269226034,3590.029874818289
2024-08-01 08:24:00,TENV Induction motor v3,229.69580454543686,17.843212169172762,3568.252177372837
2024-08-01 08:26:00,TENV Induction motor v3,227.53156112011695,16.51847619406704,3563.384201984644
2024-08-01 08:28:00,TENV Induction motor v3,229.99904289058483,16.01914954096469,3554.683035059453
2024-08-01 08:30:00,TENV Induction motor v3,225.9862973715037,18.215064294824305,3564.035329528707
2024-08-01 08:32:00,TENV Induction motor v3,227.67454099191602,16.455576419245453,3573.573985835864
2024-08-01 08:34:00,TENV Induction motor v3,226.45124021279963,18.888098123734718,3590.87543994484
2024-08-01 08:36:00,TENV Induction motor v3,226.52086778694624,18.792465502827596,3572.6257477384347
2024-08-01 08:38:00,TENV Induction motor v3,227.95532690416997,16.705331629857955,3598.5717787468807
2024-08-01 08:40:00,TENV Induction motor v3,229.60859533435416,19.766968573062066,3577.081650542741
2024-08-01 08:42:00,TENV Induction motor v3,229.02631927789588,18.884173633729958,3551.2472814905723
2024-08-01 08:44:00,TENV Induction motor v3,228.61970699250662,17.19188105662772,3570.7683650095637
2024-08-01 08:46:00,TENV Induction motor v3,227.79586891050852,18.836935055803163,3584.4449553693257
2024-08-01 08:48:00,TENV Induction motor v3,229.61149251833723,18.927721110726143,3561.714582312491
2024-08-01 08:50:00,TENV Induction motor v3,227.46180703345442,17.368905325003844,3584.931497542408
2024-08-01 08:52:00,TENV Induction motor v3,229.3691608916736,17.502354249845837,3575.1848652590757
2024-08-01 08:54:00,TENV Induction motor v3,229.16990821938316,17.4364260306132,3551.2868887791556
2024-08-01 08:56:00,TENV Induction motor v3,226.06917673400793,18.466473774208296,3588.7176474740104
2024-08-01 08:58:00,TENV Induction motor v3,228.85612731482956,19.601640586160716,3578.0186851907038
2024-08-01 09:00:00,TENV Induction motor v3,225.0608557847163,16.69277294491435,3554.124675154055
2024-08-01 09:02:00,TENV Induction motor v3,226.61414768774043,19.500798439345274,3573.7607016731135
2024-08-01 09:04:00,TENV Induction motor v3,226.14783722345976,16.11061262602137,3564.3646440887374
2024-08-01 09:06:00,TENV Induction motor v3,227.53431479243656,18.64135438391289,3593.9840771293966
2024-08-01 09:08:00,TENV Induction motor v3,228.68426580840392,17.657755492758778,3564.2463526403626
2024-08-01 09:10:00,TENV Induction motor v3,225.48838183723862,19.165126208929976,3597.08435354871
2024-08-01 09:12:00,TENV Induction motor v3,227.57461100968385,18.884792451723612,3577.306637467356
2024-08-01 09:14:00,TENV Induction motor v3,229.69206010847194,17.920431228580735,3566.1806854773363
2024-08-01 09:16:00,TENV Induction motor v3,226.14323275491472,18.57545614689039,3590.6772508708787
2024-08-01 09:18:00,TENV Induction motor v3,228.38570572055713,18.00709252279978,3584.870018918288
